AssetID,Asset Name,Month,Date,Price,Currency
32bff738-cf09-457a-95af-1ae86afef6a8,1988 Porsche 911 (930) 3.2 SC Targa in Guards Red,2025-12,08.12.2025,52.14,EUR
32bff738-cf09-457a-95af-1ae86afef6a8,1988 Porsche 911 (930) 3.2 SC Targa in Guards Red,2026-01,16.01.2026,52.14,EUR
32bff738-cf09-457a-95af-1ae86afef6a8,1988 Porsche 911 (930) 3.2 SC Targa in Guards Red,2026-02,14.02.2026,52.14,EUR
32bff738-cf09-457a-95af-1ae86afef6a8,1988 Porsche 911 (930) 3.2 SC Targa in Guards Red,2026-03,24.03.2026,52.07,EUR
32bff738-cf09-457a-95af-1ae86afef6a8,1988 Porsche 911 (930) 3.2 SC Targa in Guards Red,2026-04,24.04.2026,52.07,EUR
32bff738-cf09-457a-95af-1ae86afef6a8,1988 Porsche 911 (930) 3.2 SC Targa in Guards Red,2026-05,07.05.2026,52.07,EUR
32bff738-cf09-457a-95af-1ae86afef6a8,1988 Porsche 911 (930) 3.2 SC Targa in Guards Red,2026-06,17.06.2026,51.89,EUR
32bff738-cf09-457a-95af-1ae86afef6a8,1988 Porsche 911 (930) 3.2 SC Targa in Guards Red,2026-07,29.07.2026,51.86,EUR
32bff738-cf09-457a-95af-1ae86afef6a8,1988 Porsche 911 (930) 3.2 SC Targa in Guards Red,2026-08,04.08.2026,51.86,EUR
0a68e368-3993-47cc-b044-1d8c45b71788,2002 Ferrari 360 Modena Manual,2025-12,08.12.2025,50.99,EUR
0a68e368-3993-47cc-b044-1d8c45b71788,2002 Ferrari 360 Modena Manual,2026-01,16.01.2026,50.99,EUR
0a68e368-3993-47cc-b044-1d8c45b71788,2002 Ferrari 360 Modena Manual,2026-02,14.02.2026,50.99,EUR
0a68e368-3993-47cc-b044-1d8c45b71788,2002 Ferrari 360 Modena Manual,2026-03,24.03.2026,51.11,EUR
0a68e368-3993-47cc-b044-1d8c45b71788,2002 Ferrari 360 Modena Manual,2026-04,24.04.2026,52.39,EUR
0a68e368-3993-47cc-b044-1d8c45b71788,2002 Ferrari 360 Modena Manual,2026-05,07.05.2026,52.39,EUR
0a68e368-3993-47cc-b044-1d8c45b71788,2002 Ferrari 360 Modena Manual,2026-06,17.06.2026,52.38,EUR
0a68e368-3993-47cc-b044-1d8c45b71788,2002 Ferrari 360 Modena Manual,2026-07,29.07.2026,52.27,EUR
0a68e368-3993-47cc-b044-1d8c45b71788,2002 Ferrari 360 Modena Manual,2026-08,04.08.2026,52.27,EUR
a4bbcf2f-b426-410f-b37c-6e0f5731b28d,"Albert Willem, The Very Wild West!, 2023",2025-12,08.12.2025,61.69,EUR
a4bbcf2f-b426-410f-b37c-6e0f5731b28d,"Albert Willem, The Very Wild West!, 2023",2026-01,16.01.2026,61.69,EUR
a4bbcf2f-b426-410f-b37c-6e0f5731b28d,"Albert Willem, The Very Wild West!, 2023",2026-02,14.02.2026,61.69,EUR
a4bbcf2f-b426-410f-b37c-6e0f5731b28d,"Albert Willem, The Very Wild West!, 2023",2026-03,24.03.2026,61.69,EUR
a4bbcf2f-b426-410f-b37c-6e0f5731b28d,"Albert Willem, The Very Wild West!, 2023",2026-04,24.04.2026,61.69,EUR
a4bbcf2f-b426-410f-b37c-6e0f5731b28d,"Albert Willem, The Very Wild West!, 2023",2026-05,07.05.2026,61.69,EUR
a4bbcf2f-b426-410f-b37c-6e0f5731b28d,"Albert Willem, The Very Wild West!, 2023",2026-06,17.06.2026,58.38,EUR
a4bbcf2f-b426-410f-b37c-6e0f5731b28d,"Albert Willem, The Very Wild West!, 2023",2026-07,29.07.2026,22.92,EUR
a4bbcf2f-b426-410f-b37c-6e0f5731b28d,"Albert Willem, The Very Wild West!, 2023",2026-08,04.08.2026,22.92,EUR
164578a4-7644-4cb6-9df1-77330051de94,"Amanda Watt, The Ballroom, 2022",2026-04,24.04.2026,50.11,EUR
164578a4-7644-4cb6-9df1-77330051de94,"Amanda Watt, The Ballroom, 2022",2026-05,07.05.2026,50.11,EUR
164578a4-7644-4cb6-9df1-77330051de94,"Amanda Watt, The Ballroom, 2022",2026-06,17.06.2026,50.25,EUR
164578a4-7644-4cb6-9df1-77330051de94,"Amanda Watt, The Ballroom, 2022",2026-07,29.07.2026,50.32,EUR
164578a4-7644-4cb6-9df1-77330051de94,"Amanda Watt, The Ballroom, 2022",2026-08,04.08.2026,50.32,EUR
a817302f-a842-41df-8a08-740242e385d8,"Anthony Daley, Epocate, 2022",2026-04,24.04.2026,58.09,EUR
a817302f-a842-41df-8a08-740242e385d8,"Anthony Daley, Epocate, 2022",2026-05,07.05.2026,58.09,EUR
a817302f-a842-41df-8a08-740242e385d8,"Anthony Daley, Epocate, 2022",2026-06,17.06.2026,58.26,EUR
a817302f-a842-41df-8a08-740242e385d8,"Anthony Daley, Epocate, 2022",2026-07,29.07.2026,58.34,EUR
a817302f-a842-41df-8a08-740242e385d8,"Anthony Daley, Epocate, 2022",2026-08,04.08.2026,58.34,EUR
7db39931-690c-4d3d-b295-572ed743ce81,"Anthony James, 24” Dodecahedron (Jet Black), 2022",2025-12,08.12.2025,63.24,EUR
7db39931-690c-4d3d-b295-572ed743ce81,"Anthony James, 24” Dodecahedron (Jet Black), 2022",2026-01,16.01.2026,63.24,EUR
7db39931-690c-4d3d-b295-572ed743ce81,"Anthony James, 24” Dodecahedron (Jet Black), 2022",2026-02,14.02.2026,63.24,EUR
7db39931-690c-4d3d-b295-572ed743ce81,"Anthony James, 24” Dodecahedron (Jet Black), 2022",2026-03,24.03.2026,63.24,EUR
7db39931-690c-4d3d-b295-572ed743ce81,"Anthony James, 24” Dodecahedron (Jet Black), 2022",2026-04,24.04.2026,63.24,EUR
7db39931-690c-4d3d-b295-572ed743ce81,"Anthony James, 24” Dodecahedron (Jet Black), 2022",2026-05,07.05.2026,63.24,EUR
7db39931-690c-4d3d-b295-572ed743ce81,"Anthony James, 24” Dodecahedron (Jet Black), 2022",2026-06,17.06.2026,64.50,EUR
7db39931-690c-4d3d-b295-572ed743ce81,"Anthony James, 24” Dodecahedron (Jet Black), 2022",2026-07,29.07.2026,65.13,EUR
7db39931-690c-4d3d-b295-572ed743ce81,"Anthony James, 24” Dodecahedron (Jet Black), 2022",2026-08,04.08.2026,65.13,EUR
25273f6a-1d6c-4e13-9493-282d7f8f35f2,"Aston Martin, V12 Vanquish, 2002",2025-12,08.12.2025,57.53,EUR
25273f6a-1d6c-4e13-9493-282d7f8f35f2,"Aston Martin, V12 Vanquish, 2002",2026-01,16.01.2026,57.53,EUR
25273f6a-1d6c-4e13-9493-282d7f8f35f2,"Aston Martin, V12 Vanquish, 2002",2026-02,14.02.2026,57.53,EUR
25273f6a-1d6c-4e13-9493-282d7f8f35f2,"Aston Martin, V12 Vanquish, 2002",2026-03,24.03.2026,57.49,EUR
25273f6a-1d6c-4e13-9493-282d7f8f35f2,"Aston Martin, V12 Vanquish, 2002",2026-04,24.04.2026,62.59,EUR
25273f6a-1d6c-4e13-9493-282d7f8f35f2,"Aston Martin, V12 Vanquish, 2002",2026-05,07.05.2026,62.59,EUR
25273f6a-1d6c-4e13-9493-282d7f8f35f2,"Aston Martin, V12 Vanquish, 2002",2026-06,17.06.2026,56.93,EUR
25273f6a-1d6c-4e13-9493-282d7f8f35f2,"Aston Martin, V12 Vanquish, 2002",2026-07,29.07.2026,56.93,EUR
25273f6a-1d6c-4e13-9493-282d7f8f35f2,"Aston Martin, V12 Vanquish, 2002",2026-08,04.08.2026,56.93,EUR
6015ac5b-8e18-4e41-8923-eae00637fae7,"Aston Martin, V12 Vantage Carbon Black Edition",2025-12,08.12.2025,53.37,EUR
6015ac5b-8e18-4e41-8923-eae00637fae7,"Aston Martin, V12 Vantage Carbon Black Edition",2026-01,16.01.2026,53.37,EUR
6015ac5b-8e18-4e41-8923-eae00637fae7,"Aston Martin, V12 Vantage Carbon Black Edition",2026-02,14.02.2026,53.37,EUR
6015ac5b-8e18-4e41-8923-eae00637fae7,"Aston Martin, V12 Vantage Carbon Black Edition",2026-03,24.03.2026,53.33,EUR
6015ac5b-8e18-4e41-8923-eae00637fae7,"Aston Martin, V12 Vantage Carbon Black Edition",2026-04,24.04.2026,53.10,EUR
6015ac5b-8e18-4e41-8923-eae00637fae7,"Aston Martin, V12 Vantage Carbon Black Edition",2026-05,07.05.2026,53.10,EUR
6015ac5b-8e18-4e41-8923-eae00637fae7,"Aston Martin, V12 Vantage Carbon Black Edition",2026-06,17.06.2026,53.70,EUR
6015ac5b-8e18-4e41-8923-eae00637fae7,"Aston Martin, V12 Vantage Carbon Black Edition",2026-07,29.07.2026,48.19,EUR
6015ac5b-8e18-4e41-8923-eae00637fae7,"Aston Martin, V12 Vantage Carbon Black Edition",2026-08,04.08.2026,48.19,EUR
f5dd7d0d-6db6-4908-a97d-99fbfd103459,"Audemars Piguet, Royal Oak, Ref. 26331IP",2025-12,08.12.2025,35.54,EUR
f5dd7d0d-6db6-4908-a97d-99fbfd103459,"Audemars Piguet, Royal Oak, Ref. 26331IP",2026-01,16.01.2026,35.04,EUR
f5dd7d0d-6db6-4908-a97d-99fbfd103459,"Audemars Piguet, Royal Oak, Ref. 26331IP",2026-02,14.02.2026,35.04,EUR
f5dd7d0d-6db6-4908-a97d-99fbfd103459,"Audemars Piguet, Royal Oak, Ref. 26331IP",2026-03,24.03.2026,34.52,EUR
f5dd7d0d-6db6-4908-a97d-99fbfd103459,"Audemars Piguet, Royal Oak, Ref. 26331IP",2026-04,24.04.2026,34.12,EUR
f5dd7d0d-6db6-4908-a97d-99fbfd103459,"Audemars Piguet, Royal Oak, Ref. 26331IP",2026-05,07.05.2026,34.12,EUR
f5dd7d0d-6db6-4908-a97d-99fbfd103459,"Audemars Piguet, Royal Oak, Ref. 26331IP",2026-06,17.06.2026,34.50,EUR
f5dd7d0d-6db6-4908-a97d-99fbfd103459,"Audemars Piguet, Royal Oak, Ref. 26331IP",2026-07,29.07.2026,34.49,EUR
f5dd7d0d-6db6-4908-a97d-99fbfd103459,"Audemars Piguet, Royal Oak, Ref. 26331IP",2026-08,04.08.2026,34.49,EUR
a2a9f436-c361-450d-a57a-5d3448b3f511,Audi R8 V10,2025-12,08.12.2025,51.63,EUR
a2a9f436-c361-450d-a57a-5d3448b3f511,Audi R8 V10,2026-01,16.01.2026,51.63,EUR
a2a9f436-c361-450d-a57a-5d3448b3f511,Audi R8 V10,2026-02,14.02.2026,51.63,EUR
a2a9f436-c361-450d-a57a-5d3448b3f511,Audi R8 V10,2026-03,24.03.2026,51.60,EUR
a2a9f436-c361-450d-a57a-5d3448b3f511,Audi R8 V10,2026-04,24.04.2026,56.48,EUR
a2a9f436-c361-450d-a57a-5d3448b3f511,Audi R8 V10,2026-05,07.05.2026,56.48,EUR
a2a9f436-c361-450d-a57a-5d3448b3f511,Audi R8 V10,2026-06,17.06.2026,53.56,EUR
a2a9f436-c361-450d-a57a-5d3448b3f511,Audi R8 V10,2026-07,29.07.2026,53.56,EUR
a2a9f436-c361-450d-a57a-5d3448b3f511,Audi R8 V10,2026-08,04.08.2026,53.56,EUR
81956185-9d57-4273-afa1-797b4f21b7a0,Blue Sapphire  – No Heat - 12.36ct,2025-12,08.12.2025,60.06,EUR
81956185-9d57-4273-afa1-797b4f21b7a0,Blue Sapphire  – No Heat - 12.36ct,2026-01,16.01.2026,60.68,EUR
81956185-9d57-4273-afa1-797b4f21b7a0,Blue Sapphire  – No Heat - 12.36ct,2026-02,14.02.2026,61.83,EUR
81956185-9d57-4273-afa1-797b4f21b7a0,Blue Sapphire  – No Heat - 12.36ct,2026-03,24.03.2026,61.83,EUR
81956185-9d57-4273-afa1-797b4f21b7a0,Blue Sapphire  – No Heat - 12.36ct,2026-04,24.04.2026,62.98,EUR
81956185-9d57-4273-afa1-797b4f21b7a0,Blue Sapphire  – No Heat - 12.36ct,2026-05,07.05.2026,62.98,EUR
81956185-9d57-4273-afa1-797b4f21b7a0,Blue Sapphire  – No Heat - 12.36ct,2026-06,17.06.2026,62.98,EUR
81956185-9d57-4273-afa1-797b4f21b7a0,Blue Sapphire  – No Heat - 12.36ct,2026-07,29.07.2026,62.98,EUR
81956185-9d57-4273-afa1-797b4f21b7a0,Blue Sapphire  – No Heat - 12.36ct,2026-08,04.08.2026,62.98,EUR
e97b96c4-de04-428c-a3db-266245f4f548,Britt Boutros-Ghali - Portfolio Part 2,2025-12,08.12.2025,68.04,EUR
e97b96c4-de04-428c-a3db-266245f4f548,Britt Boutros-Ghali - Portfolio Part 2,2026-01,16.01.2026,74.67,EUR
e97b96c4-de04-428c-a3db-266245f4f548,Britt Boutros-Ghali - Portfolio Part 2,2026-02,14.02.2026,74.67,EUR
e97b96c4-de04-428c-a3db-266245f4f548,Britt Boutros-Ghali - Portfolio Part 2,2026-03,24.03.2026,74.67,EUR
e97b96c4-de04-428c-a3db-266245f4f548,Britt Boutros-Ghali - Portfolio Part 2,2026-04,24.04.2026,74.67,EUR
e97b96c4-de04-428c-a3db-266245f4f548,Britt Boutros-Ghali - Portfolio Part 2,2026-05,07.05.2026,74.67,EUR
e97b96c4-de04-428c-a3db-266245f4f548,Britt Boutros-Ghali - Portfolio Part 2,2026-06,17.06.2026,74.67,EUR
e97b96c4-de04-428c-a3db-266245f4f548,Britt Boutros-Ghali - Portfolio Part 2,2026-07,29.07.2026,74.67,EUR
e97b96c4-de04-428c-a3db-266245f4f548,Britt Boutros-Ghali - Portfolio Part 2,2026-08,04.08.2026,74.67,EUR
f21b77ec-8ff4-49c1-ac98-17ff73146602,"Britt Boutros-Ghali, Portfolio Part 1",2025-12,08.12.2025,66.70,EUR
f21b77ec-8ff4-49c1-ac98-17ff73146602,"Britt Boutros-Ghali, Portfolio Part 1",2026-01,16.01.2026,72.55,EUR
f21b77ec-8ff4-49c1-ac98-17ff73146602,"Britt Boutros-Ghali, Portfolio Part 1",2026-02,14.02.2026,72.55,EUR
f21b77ec-8ff4-49c1-ac98-17ff73146602,"Britt Boutros-Ghali, Portfolio Part 1",2026-03,24.03.2026,72.55,EUR
f21b77ec-8ff4-49c1-ac98-17ff73146602,"Britt Boutros-Ghali, Portfolio Part 1",2026-04,24.04.2026,72.55,EUR
f21b77ec-8ff4-49c1-ac98-17ff73146602,"Britt Boutros-Ghali, Portfolio Part 1",2026-05,07.05.2026,72.55,EUR
f21b77ec-8ff4-49c1-ac98-17ff73146602,"Britt Boutros-Ghali, Portfolio Part 1",2026-06,17.06.2026,72.76,EUR
f21b77ec-8ff4-49c1-ac98-17ff73146602,"Britt Boutros-Ghali, Portfolio Part 1",2026-07,29.07.2026,72.76,EUR
f21b77ec-8ff4-49c1-ac98-17ff73146602,"Britt Boutros-Ghali, Portfolio Part 1",2026-08,04.08.2026,72.76,EUR
40d33f88-4d3d-4370-90e8-c73e0e8e4bfe,"Britt Boutros-Ghali, Untitled (No 55-024), 2024",2026-02,14.02.2026,51.57,EUR
40d33f88-4d3d-4370-90e8-c73e0e8e4bfe,"Britt Boutros-Ghali, Untitled (No 55-024), 2024",2026-03,24.03.2026,53.17,EUR
40d33f88-4d3d-4370-90e8-c73e0e8e4bfe,"Britt Boutros-Ghali, Untitled (No 55-024), 2024",2026-04,24.04.2026,54.77,EUR
40d33f88-4d3d-4370-90e8-c73e0e8e4bfe,"Britt Boutros-Ghali, Untitled (No 55-024), 2024",2026-05,07.05.2026,54.77,EUR
40d33f88-4d3d-4370-90e8-c73e0e8e4bfe,"Britt Boutros-Ghali, Untitled (No 55-024), 2024",2026-06,17.06.2026,54.93,EUR
40d33f88-4d3d-4370-90e8-c73e0e8e4bfe,"Britt Boutros-Ghali, Untitled (No 55-024), 2024",2026-07,29.07.2026,55.00,EUR
40d33f88-4d3d-4370-90e8-c73e0e8e4bfe,"Britt Boutros-Ghali, Untitled (No 55-024), 2024",2026-08,04.08.2026,55.00,EUR
023b106f-ad82-441e-9d1a-a0d21b358242,"Britt Boutros-Ghali, Untitled (No 94-024), 2024",2026-06,17.06.2026,59.18,EUR
023b106f-ad82-441e-9d1a-a0d21b358242,"Britt Boutros-Ghali, Untitled (No 94-024), 2024",2026-07,29.07.2026,59.27,EUR
023b106f-ad82-441e-9d1a-a0d21b358242,"Britt Boutros-Ghali, Untitled (No 94-024), 2024",2026-08,04.08.2026,59.27,EUR
a61edda7-dc36-4de1-a125-27c7e92425e2,Caroni Rum Cask 1998 #2258,2025-12,08.12.2025,52.58,EUR
a61edda7-dc36-4de1-a125-27c7e92425e2,Caroni Rum Cask 1998 #2258,2026-01,16.01.2026,53.19,EUR
a61edda7-dc36-4de1-a125-27c7e92425e2,Caroni Rum Cask 1998 #2258,2026-02,14.02.2026,53.81,EUR
a61edda7-dc36-4de1-a125-27c7e92425e2,Caroni Rum Cask 1998 #2258,2026-03,24.03.2026,54.39,EUR
a61edda7-dc36-4de1-a125-27c7e92425e2,Caroni Rum Cask 1998 #2258,2026-04,24.04.2026,55.05,EUR
a61edda7-dc36-4de1-a125-27c7e92425e2,Caroni Rum Cask 1998 #2258,2026-05,07.05.2026,55.05,EUR
a61edda7-dc36-4de1-a125-27c7e92425e2,Caroni Rum Cask 1998 #2258,2026-06,17.06.2026,55.05,EUR
a61edda7-dc36-4de1-a125-27c7e92425e2,Caroni Rum Cask 1998 #2258,2026-07,29.07.2026,55.05,EUR
a61edda7-dc36-4de1-a125-27c7e92425e2,Caroni Rum Cask 1998 #2258,2026-08,04.08.2026,55.05,EUR
b0de4457-0175-4953-9a27-b48e74dcb779,"Champagne Stars, Collection",2025-12,08.12.2025,42.76,EUR
b0de4457-0175-4953-9a27-b48e74dcb779,"Champagne Stars, Collection",2026-01,16.01.2026,42.46,EUR
b0de4457-0175-4953-9a27-b48e74dcb779,"Champagne Stars, Collection",2026-02,14.02.2026,42.96,EUR
b0de4457-0175-4953-9a27-b48e74dcb779,"Champagne Stars, Collection",2026-03,24.03.2026,43.54,EUR
b0de4457-0175-4953-9a27-b48e74dcb779,"Champagne Stars, Collection",2026-04,24.04.2026,43.09,EUR
b0de4457-0175-4953-9a27-b48e74dcb779,"Champagne Stars, Collection",2026-05,07.05.2026,43.09,EUR
b0de4457-0175-4953-9a27-b48e74dcb779,"Champagne Stars, Collection",2026-06,17.06.2026,42.96,EUR
b0de4457-0175-4953-9a27-b48e74dcb779,"Champagne Stars, Collection",2026-07,29.07.2026,42.80,EUR
b0de4457-0175-4953-9a27-b48e74dcb779,"Champagne Stars, Collection",2026-08,04.08.2026,42.80,EUR
4b155703-78d1-4b3f-b85f-459d1a2a240e,"Charles Leclerc Suit, Las Vegas Grand Prix (Signed)",2026-03,24.03.2026,50.00,EUR
4b155703-78d1-4b3f-b85f-459d1a2a240e,"Charles Leclerc Suit, Las Vegas Grand Prix (Signed)",2026-04,24.04.2026,51.95,EUR
4b155703-78d1-4b3f-b85f-459d1a2a240e,"Charles Leclerc Suit, Las Vegas Grand Prix (Signed)",2026-05,07.05.2026,51.95,EUR
4b155703-78d1-4b3f-b85f-459d1a2a240e,"Charles Leclerc Suit, Las Vegas Grand Prix (Signed)",2026-06,17.06.2026,51.95,EUR
4b155703-78d1-4b3f-b85f-459d1a2a240e,"Charles Leclerc Suit, Las Vegas Grand Prix (Signed)",2026-07,29.07.2026,51.95,EUR
4b155703-78d1-4b3f-b85f-459d1a2a240e,"Charles Leclerc Suit, Las Vegas Grand Prix (Signed)",2026-08,04.08.2026,51.95,EUR
bb91cb58-671f-4223-ba8c-96dcb4136abd,"Château Lafite Rothschild & Carruades de Lafite, 2023, En Primeur",2025-12,08.12.2025,45.76,EUR
bb91cb58-671f-4223-ba8c-96dcb4136abd,"Château Lafite Rothschild & Carruades de Lafite, 2023, En Primeur",2026-01,16.01.2026,51.55,EUR
bb91cb58-671f-4223-ba8c-96dcb4136abd,"Château Lafite Rothschild & Carruades de Lafite, 2023, En Primeur",2026-02,14.02.2026,53.29,EUR
bb91cb58-671f-4223-ba8c-96dcb4136abd,"Château Lafite Rothschild & Carruades de Lafite, 2023, En Primeur",2026-03,24.03.2026,56.65,EUR
bb91cb58-671f-4223-ba8c-96dcb4136abd,"Château Lafite Rothschild & Carruades de Lafite, 2023, En Primeur",2026-04,24.04.2026,60.50,EUR
bb91cb58-671f-4223-ba8c-96dcb4136abd,"Château Lafite Rothschild & Carruades de Lafite, 2023, En Primeur",2026-05,07.05.2026,60.50,EUR
bb91cb58-671f-4223-ba8c-96dcb4136abd,"Château Lafite Rothschild & Carruades de Lafite, 2023, En Primeur",2026-06,17.06.2026,60.63,EUR
bb91cb58-671f-4223-ba8c-96dcb4136abd,"Château Lafite Rothschild & Carruades de Lafite, 2023, En Primeur",2026-07,29.07.2026,60.47,EUR
bb91cb58-671f-4223-ba8c-96dcb4136abd,"Château Lafite Rothschild & Carruades de Lafite, 2023, En Primeur",2026-08,04.08.2026,60.47,EUR
780970ba-c15f-4881-b370-b083dd1e4b14,"Damien Hirst, Dead Head III, 2009",2025-12,08.12.2025,53.52,EUR
780970ba-c15f-4881-b370-b083dd1e4b14,"Damien Hirst, Dead Head III, 2009",2026-01,16.01.2026,53.52,EUR
780970ba-c15f-4881-b370-b083dd1e4b14,"Damien Hirst, Dead Head III, 2009",2026-02,14.02.2026,53.52,EUR
780970ba-c15f-4881-b370-b083dd1e4b14,"Damien Hirst, Dead Head III, 2009",2026-03,24.03.2026,53.52,EUR
780970ba-c15f-4881-b370-b083dd1e4b14,"Damien Hirst, Dead Head III, 2009",2026-04,24.04.2026,53.52,EUR
780970ba-c15f-4881-b370-b083dd1e4b14,"Damien Hirst, Dead Head III, 2009",2026-05,07.05.2026,53.52,EUR
780970ba-c15f-4881-b370-b083dd1e4b14,"Damien Hirst, Dead Head III, 2009",2026-06,17.06.2026,53.67,EUR
780970ba-c15f-4881-b370-b083dd1e4b14,"Damien Hirst, Dead Head III, 2009",2026-07,29.07.2026,53.75,EUR
780970ba-c15f-4881-b370-b083dd1e4b14,"Damien Hirst, Dead Head III, 2009",2026-08,04.08.2026,53.75,EUR
e693145f-5b5c-4bbe-9292-7efe91da1312,"Damien Hirst, End of Days, 2003",2025-12,08.12.2025,56.14,EUR
e693145f-5b5c-4bbe-9292-7efe91da1312,"Damien Hirst, End of Days, 2003",2026-01,16.01.2026,56.14,EUR
e693145f-5b5c-4bbe-9292-7efe91da1312,"Damien Hirst, End of Days, 2003",2026-02,14.02.2026,56.14,EUR
e693145f-5b5c-4bbe-9292-7efe91da1312,"Damien Hirst, End of Days, 2003",2026-03,24.03.2026,56.14,EUR
e693145f-5b5c-4bbe-9292-7efe91da1312,"Damien Hirst, End of Days, 2003",2026-04,24.04.2026,56.14,EUR
e693145f-5b5c-4bbe-9292-7efe91da1312,"Damien Hirst, End of Days, 2003",2026-05,07.05.2026,56.14,EUR
e693145f-5b5c-4bbe-9292-7efe91da1312,"Damien Hirst, End of Days, 2003",2026-06,17.06.2026,56.14,EUR
e693145f-5b5c-4bbe-9292-7efe91da1312,"Damien Hirst, End of Days, 2003",2026-07,29.07.2026,56.14,EUR
e693145f-5b5c-4bbe-9292-7efe91da1312,"Damien Hirst, End of Days, 2003",2026-08,04.08.2026,56.14,EUR
2824e42b-9fe9-4d88-a77c-839c152596db,"Damien Hirst, Sanctum Belfry",2026-04,24.04.2026,52.50,EUR
2824e42b-9fe9-4d88-a77c-839c152596db,"Damien Hirst, Sanctum Belfry",2026-05,07.05.2026,52.50,EUR
2824e42b-9fe9-4d88-a77c-839c152596db,"Damien Hirst, Sanctum Belfry",2026-06,17.06.2026,52.65,EUR
2824e42b-9fe9-4d88-a77c-839c152596db,"Damien Hirst, Sanctum Belfry",2026-07,29.07.2026,52.65,EUR
2824e42b-9fe9-4d88-a77c-839c152596db,"Damien Hirst, Sanctum Belfry",2026-08,04.08.2026,52.65,EUR
8972d793-90d6-4667-8e7d-df5037a9ef6f,"Damien Hirst, The Secrets (H-14) - full collection",2025-12,08.12.2025,55.88,EUR
8972d793-90d6-4667-8e7d-df5037a9ef6f,"Damien Hirst, The Secrets (H-14) - full collection",2026-01,16.01.2026,55.88,EUR
8972d793-90d6-4667-8e7d-df5037a9ef6f,"Damien Hirst, The Secrets (H-14) - full collection",2026-02,14.02.2026,55.88,EUR
8972d793-90d6-4667-8e7d-df5037a9ef6f,"Damien Hirst, The Secrets (H-14) - full collection",2026-03,24.03.2026,55.88,EUR
8972d793-90d6-4667-8e7d-df5037a9ef6f,"Damien Hirst, The Secrets (H-14) - full collection",2026-04,24.04.2026,55.88,EUR
8972d793-90d6-4667-8e7d-df5037a9ef6f,"Damien Hirst, The Secrets (H-14) - full collection",2026-05,07.05.2026,55.88,EUR
8972d793-90d6-4667-8e7d-df5037a9ef6f,"Damien Hirst, The Secrets (H-14) - full collection",2026-06,17.06.2026,56.04,EUR
8972d793-90d6-4667-8e7d-df5037a9ef6f,"Damien Hirst, The Secrets (H-14) - full collection",2026-07,29.07.2026,56.04,EUR
8972d793-90d6-4667-8e7d-df5037a9ef6f,"Damien Hirst, The Secrets (H-14) - full collection",2026-08,04.08.2026,56.04,EUR
2964ccb2-172a-496a-bf09-b06357d858c1,"David Yarrow, The Siberian, 2024",2025-12,08.12.2025,63.03,EUR
2964ccb2-172a-496a-bf09-b06357d858c1,"David Yarrow, The Siberian, 2024",2026-01,16.01.2026,63.03,EUR
2964ccb2-172a-496a-bf09-b06357d858c1,"David Yarrow, The Siberian, 2024",2026-02,14.02.2026,63.03,EUR
2964ccb2-172a-496a-bf09-b06357d858c1,"David Yarrow, The Siberian, 2024",2026-03,24.03.2026,63.03,EUR
2964ccb2-172a-496a-bf09-b06357d858c1,"David Yarrow, The Siberian, 2024",2026-04,24.04.2026,63.03,EUR
2964ccb2-172a-496a-bf09-b06357d858c1,"David Yarrow, The Siberian, 2024",2026-05,07.05.2026,63.03,EUR
2964ccb2-172a-496a-bf09-b06357d858c1,"David Yarrow, The Siberian, 2024",2026-06,17.06.2026,62.38,EUR
2964ccb2-172a-496a-bf09-b06357d858c1,"David Yarrow, The Siberian, 2024",2026-07,29.07.2026,62.38,EUR
2964ccb2-172a-496a-bf09-b06357d858c1,"David Yarrow, The Siberian, 2024",2026-08,04.08.2026,62.38,EUR
04d35b08-8aac-4073-9ee3-fca9353ddaf8,"David Yarrow, Welcome to the Jungle, 2024",2025-12,08.12.2025,63.09,EUR
04d35b08-8aac-4073-9ee3-fca9353ddaf8,"David Yarrow, Welcome to the Jungle, 2024",2026-01,16.01.2026,63.09,EUR
04d35b08-8aac-4073-9ee3-fca9353ddaf8,"David Yarrow, Welcome to the Jungle, 2024",2026-02,14.02.2026,63.09,EUR
04d35b08-8aac-4073-9ee3-fca9353ddaf8,"David Yarrow, Welcome to the Jungle, 2024",2026-03,24.03.2026,63.09,EUR
04d35b08-8aac-4073-9ee3-fca9353ddaf8,"David Yarrow, Welcome to the Jungle, 2024",2026-04,24.04.2026,63.09,EUR
04d35b08-8aac-4073-9ee3-fca9353ddaf8,"David Yarrow, Welcome to the Jungle, 2024",2026-05,07.05.2026,63.09,EUR
04d35b08-8aac-4073-9ee3-fca9353ddaf8,"David Yarrow, Welcome to the Jungle, 2024",2026-06,17.06.2026,62.60,EUR
04d35b08-8aac-4073-9ee3-fca9353ddaf8,"David Yarrow, Welcome to the Jungle, 2024",2026-07,29.07.2026,62.60,EUR
04d35b08-8aac-4073-9ee3-fca9353ddaf8,"David Yarrow, Welcome to the Jungle, 2024",2026-08,04.08.2026,62.60,EUR
7fb00fcd-bbc5-4c24-8abd-f97fcbb3b3ba,"Diamond, Brilliant, 1.62 carat, D-IF",2025-12,08.12.2025,39.34,EUR
7fb00fcd-bbc5-4c24-8abd-f97fcbb3b3ba,"Diamond, Brilliant, 1.62 carat, D-IF",2026-01,16.01.2026,38.89,EUR
7fb00fcd-bbc5-4c24-8abd-f97fcbb3b3ba,"Diamond, Brilliant, 1.62 carat, D-IF",2026-02,14.02.2026,38.89,EUR
7fb00fcd-bbc5-4c24-8abd-f97fcbb3b3ba,"Diamond, Brilliant, 1.62 carat, D-IF",2026-03,24.03.2026,38.89,EUR
7fb00fcd-bbc5-4c24-8abd-f97fcbb3b3ba,"Diamond, Brilliant, 1.62 carat, D-IF",2026-04,24.04.2026,38.89,EUR
7fb00fcd-bbc5-4c24-8abd-f97fcbb3b3ba,"Diamond, Brilliant, 1.62 carat, D-IF",2026-05,07.05.2026,38.89,EUR
7fb00fcd-bbc5-4c24-8abd-f97fcbb3b3ba,"Diamond, Brilliant, 1.62 carat, D-IF",2026-06,17.06.2026,39.73,EUR
7fb00fcd-bbc5-4c24-8abd-f97fcbb3b3ba,"Diamond, Brilliant, 1.62 carat, D-IF",2026-07,29.07.2026,38.42,EUR
7fb00fcd-bbc5-4c24-8abd-f97fcbb3b3ba,"Diamond, Brilliant, 1.62 carat, D-IF",2026-08,04.08.2026,38.42,EUR
5069aa65-f12f-46a1-845c-4f299c37d84e,"Domaine Armand Rousseau, Chambertin Grand Cru, 2020",2025-12,08.12.2025,40.47,EUR
5069aa65-f12f-46a1-845c-4f299c37d84e,"Domaine Armand Rousseau, Chambertin Grand Cru, 2020",2026-01,16.01.2026,38.17,EUR
5069aa65-f12f-46a1-845c-4f299c37d84e,"Domaine Armand Rousseau, Chambertin Grand Cru, 2020",2026-02,14.02.2026,35.77,EUR
5069aa65-f12f-46a1-845c-4f299c37d84e,"Domaine Armand Rousseau, Chambertin Grand Cru, 2020",2026-03,24.03.2026,34.65,EUR
5069aa65-f12f-46a1-845c-4f299c37d84e,"Domaine Armand Rousseau, Chambertin Grand Cru, 2020",2026-04,24.04.2026,33.62,EUR
5069aa65-f12f-46a1-845c-4f299c37d84e,"Domaine Armand Rousseau, Chambertin Grand Cru, 2020",2026-05,07.05.2026,33.62,EUR
5069aa65-f12f-46a1-845c-4f299c37d84e,"Domaine Armand Rousseau, Chambertin Grand Cru, 2020",2026-06,17.06.2026,33.61,EUR
5069aa65-f12f-46a1-845c-4f299c37d84e,"Domaine Armand Rousseau, Chambertin Grand Cru, 2020",2026-07,29.07.2026,33.91,EUR
5069aa65-f12f-46a1-845c-4f299c37d84e,"Domaine Armand Rousseau, Chambertin Grand Cru, 2020",2026-08,04.08.2026,33.91,EUR
55512356-30d3-43f8-ba37-c19f5cdeb1c6,"Domaine Leroy, Chambertin Grand Cru, 2013 & Romanee-Saint-Vivant Grand Cru, 2014",2025-12,08.12.2025,40.75,EUR
55512356-30d3-43f8-ba37-c19f5cdeb1c6,"Domaine Leroy, Chambertin Grand Cru, 2013 & Romanee-Saint-Vivant Grand Cru, 2014",2026-01,16.01.2026,40.96,EUR
55512356-30d3-43f8-ba37-c19f5cdeb1c6,"Domaine Leroy, Chambertin Grand Cru, 2013 & Romanee-Saint-Vivant Grand Cru, 2014",2026-02,14.02.2026,41.14,EUR
55512356-30d3-43f8-ba37-c19f5cdeb1c6,"Domaine Leroy, Chambertin Grand Cru, 2013 & Romanee-Saint-Vivant Grand Cru, 2014",2026-03,24.03.2026,40.72,EUR
55512356-30d3-43f8-ba37-c19f5cdeb1c6,"Domaine Leroy, Chambertin Grand Cru, 2013 & Romanee-Saint-Vivant Grand Cru, 2014",2026-04,24.04.2026,42.25,EUR
55512356-30d3-43f8-ba37-c19f5cdeb1c6,"Domaine Leroy, Chambertin Grand Cru, 2013 & Romanee-Saint-Vivant Grand Cru, 2014",2026-05,07.05.2026,42.25,EUR
55512356-30d3-43f8-ba37-c19f5cdeb1c6,"Domaine Leroy, Chambertin Grand Cru, 2013 & Romanee-Saint-Vivant Grand Cru, 2014",2026-06,17.06.2026,42.23,EUR
55512356-30d3-43f8-ba37-c19f5cdeb1c6,"Domaine Leroy, Chambertin Grand Cru, 2013 & Romanee-Saint-Vivant Grand Cru, 2014",2026-07,29.07.2026,42.61,EUR
55512356-30d3-43f8-ba37-c19f5cdeb1c6,"Domaine Leroy, Chambertin Grand Cru, 2013 & Romanee-Saint-Vivant Grand Cru, 2014",2026-08,04.08.2026,42.61,EUR
db8e27aa-5b38-4148-bc05-6e236e653e7e,"Domaine Leroy, Nuits-Saint-Georges aux Boudots, 2014",2025-12,08.12.2025,37.85,EUR
db8e27aa-5b38-4148-bc05-6e236e653e7e,"Domaine Leroy, Nuits-Saint-Georges aux Boudots, 2014",2026-01,16.01.2026,37.85,EUR
db8e27aa-5b38-4148-bc05-6e236e653e7e,"Domaine Leroy, Nuits-Saint-Georges aux Boudots, 2014",2026-02,14.02.2026,37.85,EUR
db8e27aa-5b38-4148-bc05-6e236e653e7e,"Domaine Leroy, Nuits-Saint-Georges aux Boudots, 2014",2026-03,24.03.2026,37.85,EUR
db8e27aa-5b38-4148-bc05-6e236e653e7e,"Domaine Leroy, Nuits-Saint-Georges aux Boudots, 2014",2026-04,24.04.2026,37.85,EUR
db8e27aa-5b38-4148-bc05-6e236e653e7e,"Domaine Leroy, Nuits-Saint-Georges aux Boudots, 2014",2026-05,07.05.2026,37.85,EUR
db8e27aa-5b38-4148-bc05-6e236e653e7e,"Domaine Leroy, Nuits-Saint-Georges aux Boudots, 2014",2026-06,17.06.2026,37.83,EUR
db8e27aa-5b38-4148-bc05-6e236e653e7e,"Domaine Leroy, Nuits-Saint-Georges aux Boudots, 2014",2026-07,29.07.2026,38.18,EUR
db8e27aa-5b38-4148-bc05-6e236e653e7e,"Domaine Leroy, Nuits-Saint-Georges aux Boudots, 2014",2026-08,04.08.2026,38.18,EUR
5133f379-d243-433f-be45-9d97d366ad39,"Duncan Robert McCormick, NY View, 2022",2025-12,08.12.2025,63.94,EUR
5133f379-d243-433f-be45-9d97d366ad39,"Duncan Robert McCormick, NY View, 2022",2026-01,16.01.2026,63.94,EUR
5133f379-d243-433f-be45-9d97d366ad39,"Duncan Robert McCormick, NY View, 2022",2026-02,14.02.2026,63.94,EUR
5133f379-d243-433f-be45-9d97d366ad39,"Duncan Robert McCormick, NY View, 2022",2026-03,24.03.2026,63.94,EUR
5133f379-d243-433f-be45-9d97d366ad39,"Duncan Robert McCormick, NY View, 2022",2026-04,24.04.2026,63.94,EUR
5133f379-d243-433f-be45-9d97d366ad39,"Duncan Robert McCormick, NY View, 2022",2026-05,07.05.2026,63.94,EUR
5133f379-d243-433f-be45-9d97d366ad39,"Duncan Robert McCormick, NY View, 2022",2026-06,17.06.2026,64.12,EUR
5133f379-d243-433f-be45-9d97d366ad39,"Duncan Robert McCormick, NY View, 2022",2026-07,29.07.2026,47.74,EUR
5133f379-d243-433f-be45-9d97d366ad39,"Duncan Robert McCormick, NY View, 2022",2026-08,04.08.2026,47.74,EUR
726ed2f0-6376-46b4-84b5-fa5ae1eaf24b,"Elitsa Ristova, No Heaven No Skies, 2020",2025-12,08.12.2025,74.42,EUR
726ed2f0-6376-46b4-84b5-fa5ae1eaf24b,"Elitsa Ristova, No Heaven No Skies, 2020",2026-01,16.01.2026,74.42,EUR
726ed2f0-6376-46b4-84b5-fa5ae1eaf24b,"Elitsa Ristova, No Heaven No Skies, 2020",2026-02,14.02.2026,74.42,EUR
726ed2f0-6376-46b4-84b5-fa5ae1eaf24b,"Elitsa Ristova, No Heaven No Skies, 2020",2026-03,24.03.2026,74.42,EUR
726ed2f0-6376-46b4-84b5-fa5ae1eaf24b,"Elitsa Ristova, No Heaven No Skies, 2020",2026-04,24.04.2026,74.42,EUR
726ed2f0-6376-46b4-84b5-fa5ae1eaf24b,"Elitsa Ristova, No Heaven No Skies, 2020",2026-05,07.05.2026,74.42,EUR
726ed2f0-6376-46b4-84b5-fa5ae1eaf24b,"Elitsa Ristova, No Heaven No Skies, 2020",2026-06,17.06.2026,74.63,EUR
726ed2f0-6376-46b4-84b5-fa5ae1eaf24b,"Elitsa Ristova, No Heaven No Skies, 2020",2026-07,29.07.2026,74.74,EUR
726ed2f0-6376-46b4-84b5-fa5ae1eaf24b,"Elitsa Ristova, No Heaven No Skies, 2020",2026-08,04.08.2026,74.74,EUR
8cf13993-c475-4452-ae6c-c94557b5a90d,"F.P. Journe, Octa Automatique Lune, Ref. AL PT 40 A SI",2025-12,08.12.2025,52.34,EUR
8cf13993-c475-4452-ae6c-c94557b5a90d,"F.P. Journe, Octa Automatique Lune, Ref. AL PT 40 A SI",2026-01,16.01.2026,52.34,EUR
fd0b5669-3740-4710-b93c-deab9c0d1ba7,"Feng Xiao-Min, Composition N°20.05.13, 2013",2025-12,08.12.2025,57.63,EUR
fd0b5669-3740-4710-b93c-deab9c0d1ba7,"Feng Xiao-Min, Composition N°20.05.13, 2013",2026-01,16.01.2026,60.33,EUR
fd0b5669-3740-4710-b93c-deab9c0d1ba7,"Feng Xiao-Min, Composition N°20.05.13, 2013",2026-02,14.02.2026,60.33,EUR
fd0b5669-3740-4710-b93c-deab9c0d1ba7,"Feng Xiao-Min, Composition N°20.05.13, 2013",2026-03,24.03.2026,60.33,EUR
fd0b5669-3740-4710-b93c-deab9c0d1ba7,"Feng Xiao-Min, Composition N°20.05.13, 2013",2026-04,24.04.2026,60.33,EUR
fd0b5669-3740-4710-b93c-deab9c0d1ba7,"Feng Xiao-Min, Composition N°20.05.13, 2013",2026-05,07.05.2026,60.33,EUR
fd0b5669-3740-4710-b93c-deab9c0d1ba7,"Feng Xiao-Min, Composition N°20.05.13, 2013",2026-06,17.06.2026,60.50,EUR
fd0b5669-3740-4710-b93c-deab9c0d1ba7,"Feng Xiao-Min, Composition N°20.05.13, 2013",2026-07,29.07.2026,60.59,EUR
fd0b5669-3740-4710-b93c-deab9c0d1ba7,"Feng Xiao-Min, Composition N°20.05.13, 2013",2026-08,04.08.2026,60.59,EUR
82d1b9cc-fb06-40e7-bb8f-01f827f38432,"Fernando Botero, Flautista, 2023",2026-03,24.03.2026,53.49,EUR
82d1b9cc-fb06-40e7-bb8f-01f827f38432,"Fernando Botero, Flautista, 2023",2026-04,24.04.2026,57.01,EUR
82d1b9cc-fb06-40e7-bb8f-01f827f38432,"Fernando Botero, Flautista, 2023",2026-05,07.05.2026,57.01,EUR
82d1b9cc-fb06-40e7-bb8f-01f827f38432,"Fernando Botero, Flautista, 2023",2026-06,17.06.2026,57.18,EUR
82d1b9cc-fb06-40e7-bb8f-01f827f38432,"Fernando Botero, Flautista, 2023",2026-07,29.07.2026,57.26,EUR
82d1b9cc-fb06-40e7-bb8f-01f827f38432,"Fernando Botero, Flautista, 2023",2026-08,04.08.2026,57.26,EUR
4b354942-b3b9-4237-b7d0-df9cf1f3a79e,"Fernando Botero, Seated woman, 2003",2026-01,16.01.2026,55.09,EUR
4b354942-b3b9-4237-b7d0-df9cf1f3a79e,"Fernando Botero, Seated woman, 2003",2026-02,14.02.2026,55.09,EUR
4b354942-b3b9-4237-b7d0-df9cf1f3a79e,"Fernando Botero, Seated woman, 2003",2026-03,24.03.2026,55.09,EUR
4b354942-b3b9-4237-b7d0-df9cf1f3a79e,"Fernando Botero, Seated woman, 2003",2026-04,24.04.2026,55.09,EUR
4b354942-b3b9-4237-b7d0-df9cf1f3a79e,"Fernando Botero, Seated woman, 2003",2026-05,07.05.2026,55.09,EUR
4b354942-b3b9-4237-b7d0-df9cf1f3a79e,"Fernando Botero, Seated woman, 2003",2026-06,17.06.2026,55.25,EUR
4b354942-b3b9-4237-b7d0-df9cf1f3a79e,"Fernando Botero, Seated woman, 2003",2026-07,29.07.2026,55.25,EUR
4b354942-b3b9-4237-b7d0-df9cf1f3a79e,"Fernando Botero, Seated woman, 2003",2026-08,04.08.2026,55.25,EUR
de7a7b19-51b3-4ce4-9093-a48db4863e38,"Ferrari 348 TS, 1991",2025-12,08.12.2025,55.21,EUR
de7a7b19-51b3-4ce4-9093-a48db4863e38,"Ferrari 348 TS, 1991",2026-01,16.01.2026,55.21,EUR
de7a7b19-51b3-4ce4-9093-a48db4863e38,"Ferrari 348 TS, 1991",2026-02,14.02.2026,55.21,EUR
de7a7b19-51b3-4ce4-9093-a48db4863e38,"Ferrari 348 TS, 1991",2026-03,24.03.2026,55.33,EUR
de7a7b19-51b3-4ce4-9093-a48db4863e38,"Ferrari 348 TS, 1991",2026-04,24.04.2026,58.74,EUR
de7a7b19-51b3-4ce4-9093-a48db4863e38,"Ferrari 348 TS, 1991",2026-05,07.05.2026,58.74,EUR
de7a7b19-51b3-4ce4-9093-a48db4863e38,"Ferrari 348 TS, 1991",2026-06,17.06.2026,58.72,EUR
de7a7b19-51b3-4ce4-9093-a48db4863e38,"Ferrari 348 TS, 1991",2026-07,29.07.2026,58.60,EUR
de7a7b19-51b3-4ce4-9093-a48db4863e38,"Ferrari 348 TS, 1991",2026-08,04.08.2026,58.60,EUR
97cb3aa5-02e2-4fb8-9c6a-23bcda3388b8,"Ferrari, 328 GTS, 1988",2025-12,08.12.2025,61.41,EUR
97cb3aa5-02e2-4fb8-9c6a-23bcda3388b8,"Ferrari, 328 GTS, 1988",2026-01,16.01.2026,61.41,EUR
97cb3aa5-02e2-4fb8-9c6a-23bcda3388b8,"Ferrari, 328 GTS, 1988",2026-02,14.02.2026,61.41,EUR
97cb3aa5-02e2-4fb8-9c6a-23bcda3388b8,"Ferrari, 328 GTS, 1988",2026-03,24.03.2026,61.55,EUR
97cb3aa5-02e2-4fb8-9c6a-23bcda3388b8,"Ferrari, 328 GTS, 1988",2026-04,24.04.2026,70.18,EUR
97cb3aa5-02e2-4fb8-9c6a-23bcda3388b8,"Ferrari, 328 GTS, 1988",2026-05,07.05.2026,70.18,EUR
97cb3aa5-02e2-4fb8-9c6a-23bcda3388b8,"Ferrari, 328 GTS, 1988",2026-06,17.06.2026,59.71,EUR
97cb3aa5-02e2-4fb8-9c6a-23bcda3388b8,"Ferrari, 328 GTS, 1988",2026-07,29.07.2026,59.71,EUR
9987e0af-fb12-420a-be26-ba5f754318cb,"Fika Leon, Study of Faces 1 and 2, 2024",2025-12,08.12.2025,67.02,EUR
9987e0af-fb12-420a-be26-ba5f754318cb,"Fika Leon, Study of Faces 1 and 2, 2024",2026-01,16.01.2026,67.02,EUR
9987e0af-fb12-420a-be26-ba5f754318cb,"Fika Leon, Study of Faces 1 and 2, 2024",2026-02,14.02.2026,67.02,EUR
9987e0af-fb12-420a-be26-ba5f754318cb,"Fika Leon, Study of Faces 1 and 2, 2024",2026-03,24.03.2026,67.02,EUR
9987e0af-fb12-420a-be26-ba5f754318cb,"Fika Leon, Study of Faces 1 and 2, 2024",2026-04,24.04.2026,67.02,EUR
9987e0af-fb12-420a-be26-ba5f754318cb,"Fika Leon, Study of Faces 1 and 2, 2024",2026-05,07.05.2026,67.02,EUR
9987e0af-fb12-420a-be26-ba5f754318cb,"Fika Leon, Study of Faces 1 and 2, 2024",2026-06,17.06.2026,63.95,EUR
9987e0af-fb12-420a-be26-ba5f754318cb,"Fika Leon, Study of Faces 1 and 2, 2024",2026-07,29.07.2026,63.95,EUR
9987e0af-fb12-420a-be26-ba5f754318cb,"Fika Leon, Study of Faces 1 and 2, 2024",2026-08,04.08.2026,63.95,EUR
bd92e467-6cbb-4283-af1e-fd47d6b8b40c,"Frida Kahlo, Corporeal Field II",2026-04,24.04.2026,50.00,EUR
bd92e467-6cbb-4283-af1e-fd47d6b8b40c,"Frida Kahlo, Corporeal Field II",2026-05,07.05.2026,55.00,EUR
bd92e467-6cbb-4283-af1e-fd47d6b8b40c,"Frida Kahlo, Corporeal Field II",2026-06,17.06.2026,55.00,EUR
bd92e467-6cbb-4283-af1e-fd47d6b8b40c,"Frida Kahlo, Corporeal Field II",2026-07,29.07.2026,55.00,EUR
bd92e467-6cbb-4283-af1e-fd47d6b8b40c,"Frida Kahlo, Corporeal Field II",2026-08,04.08.2026,55.00,EUR
986cab76-e434-443b-96a9-287606b8d0b4,"George Morton-Clark, Portfolio of three Works, 2024",2025-12,08.12.2025,54.95,EUR
986cab76-e434-443b-96a9-287606b8d0b4,"George Morton-Clark, Portfolio of three Works, 2024",2026-01,16.01.2026,54.95,EUR
986cab76-e434-443b-96a9-287606b8d0b4,"George Morton-Clark, Portfolio of three Works, 2024",2026-02,14.02.2026,54.95,EUR
986cab76-e434-443b-96a9-287606b8d0b4,"George Morton-Clark, Portfolio of three Works, 2024",2026-03,24.03.2026,54.95,EUR
986cab76-e434-443b-96a9-287606b8d0b4,"George Morton-Clark, Portfolio of three Works, 2024",2026-04,24.04.2026,54.95,EUR
986cab76-e434-443b-96a9-287606b8d0b4,"George Morton-Clark, Portfolio of three Works, 2024",2026-05,07.05.2026,54.95,EUR
986cab76-e434-443b-96a9-287606b8d0b4,"George Morton-Clark, Portfolio of three Works, 2024",2026-06,17.06.2026,55.11,EUR
986cab76-e434-443b-96a9-287606b8d0b4,"George Morton-Clark, Portfolio of three Works, 2024",2026-07,29.07.2026,55.18,EUR
986cab76-e434-443b-96a9-287606b8d0b4,"George Morton-Clark, Portfolio of three Works, 2024",2026-08,04.08.2026,55.18,EUR
b0f9829c-8ba1-4d3f-8d78-dfff260a0e00,Glen Grant 60 YO – Dennis Malcolm 60th Anniv. – Bottle Nr. 184,2025-12,08.12.2025,9.41,EUR
b0f9829c-8ba1-4d3f-8d78-dfff260a0e00,Glen Grant 60 YO – Dennis Malcolm 60th Anniv. – Bottle Nr. 184,2026-01,16.01.2026,9.28,EUR
b0f9829c-8ba1-4d3f-8d78-dfff260a0e00,Glen Grant 60 YO – Dennis Malcolm 60th Anniv. – Bottle Nr. 184,2026-02,14.02.2026,9.24,EUR
b0f9829c-8ba1-4d3f-8d78-dfff260a0e00,Glen Grant 60 YO – Dennis Malcolm 60th Anniv. – Bottle Nr. 184,2026-03,24.03.2026,9.30,EUR
b0f9829c-8ba1-4d3f-8d78-dfff260a0e00,Glen Grant 60 YO – Dennis Malcolm 60th Anniv. – Bottle Nr. 184,2026-04,24.04.2026,9.33,EUR
b0f9829c-8ba1-4d3f-8d78-dfff260a0e00,Glen Grant 60 YO – Dennis Malcolm 60th Anniv. – Bottle Nr. 184,2026-05,07.05.2026,9.33,EUR
b0f9829c-8ba1-4d3f-8d78-dfff260a0e00,Glen Grant 60 YO – Dennis Malcolm 60th Anniv. – Bottle Nr. 184,2026-06,17.06.2026,9.27,EUR
b0f9829c-8ba1-4d3f-8d78-dfff260a0e00,Glen Grant 60 YO – Dennis Malcolm 60th Anniv. – Bottle Nr. 184,2026-07,29.07.2026,8.62,EUR
b0f9829c-8ba1-4d3f-8d78-dfff260a0e00,Glen Grant 60 YO – Dennis Malcolm 60th Anniv. – Bottle Nr. 184,2026-08,04.08.2026,8.62,EUR
271f0e9b-8210-4385-bd63-972e1ab080e2,"Gregory de la Haba, 4 paintings from the ""Easy Suite"" series 2024 & 3 paintings from the “Everything is Made of Light” series 2023",2026-02,14.02.2026,62.22,EUR
271f0e9b-8210-4385-bd63-972e1ab080e2,"Gregory de la Haba, 4 paintings from the ""Easy Suite"" series 2024 & 3 paintings from the “Everything is Made of Light” series 2023",2026-03,24.03.2026,62.22,EUR
271f0e9b-8210-4385-bd63-972e1ab080e2,"Gregory de la Haba, 4 paintings from the ""Easy Suite"" series 2024 & 3 paintings from the “Everything is Made of Light” series 2023",2026-04,24.04.2026,62.22,EUR
271f0e9b-8210-4385-bd63-972e1ab080e2,"Gregory de la Haba, 4 paintings from the ""Easy Suite"" series 2024 & 3 paintings from the “Everything is Made of Light” series 2023",2026-05,07.05.2026,62.22,EUR
271f0e9b-8210-4385-bd63-972e1ab080e2,"Gregory de la Haba, 4 paintings from the ""Easy Suite"" series 2024 & 3 paintings from the “Everything is Made of Light” series 2023",2026-06,17.06.2026,62.40,EUR
271f0e9b-8210-4385-bd63-972e1ab080e2,"Gregory de la Haba, 4 paintings from the ""Easy Suite"" series 2024 & 3 paintings from the “Everything is Made of Light” series 2023",2026-07,29.07.2026,62.40,EUR
271f0e9b-8210-4385-bd63-972e1ab080e2,"Gregory de la Haba, 4 paintings from the ""Easy Suite"" series 2024 & 3 paintings from the “Everything is Made of Light” series 2023",2026-08,04.08.2026,62.40,EUR
64eae5ed-ac3e-4311-a070-558d57dcfa36,"Gregory de la Haba, 6 paintings from the ""Easy Suite"" series 2024",2025-12,08.12.2025,65.32,EUR
64eae5ed-ac3e-4311-a070-558d57dcfa36,"Gregory de la Haba, 6 paintings from the ""Easy Suite"" series 2024",2026-01,16.01.2026,65.32,EUR
64eae5ed-ac3e-4311-a070-558d57dcfa36,"Gregory de la Haba, 6 paintings from the ""Easy Suite"" series 2024",2026-02,14.02.2026,65.32,EUR
64eae5ed-ac3e-4311-a070-558d57dcfa36,"Gregory de la Haba, 6 paintings from the ""Easy Suite"" series 2024",2026-03,24.03.2026,65.32,EUR
64eae5ed-ac3e-4311-a070-558d57dcfa36,"Gregory de la Haba, 6 paintings from the ""Easy Suite"" series 2024",2026-04,24.04.2026,65.32,EUR
64eae5ed-ac3e-4311-a070-558d57dcfa36,"Gregory de la Haba, 6 paintings from the ""Easy Suite"" series 2024",2026-05,07.05.2026,65.32,EUR
64eae5ed-ac3e-4311-a070-558d57dcfa36,"Gregory de la Haba, 6 paintings from the ""Easy Suite"" series 2024",2026-06,17.06.2026,65.51,EUR
64eae5ed-ac3e-4311-a070-558d57dcfa36,"Gregory de la Haba, 6 paintings from the ""Easy Suite"" series 2024",2026-07,29.07.2026,65.60,EUR
64eae5ed-ac3e-4311-a070-558d57dcfa36,"Gregory de la Haba, 6 paintings from the ""Easy Suite"" series 2024",2026-08,04.08.2026,65.60,EUR
7a84b983-0dfb-4303-9547-a5f9e2cca8e1,"Gregory de la Haba, Locust Of Being #18 / In The Name Of…de la Haba #5 / Formula One (Easy Diptych #20), 2024-2025",2025-12,08.12.2025,52.70,EUR
7a84b983-0dfb-4303-9547-a5f9e2cca8e1,"Gregory de la Haba, Locust Of Being #18 / In The Name Of…de la Haba #5 / Formula One (Easy Diptych #20), 2024-2025",2026-01,16.01.2026,59.99,EUR
7a84b983-0dfb-4303-9547-a5f9e2cca8e1,"Gregory de la Haba, Locust Of Being #18 / In The Name Of…de la Haba #5 / Formula One (Easy Diptych #20), 2024-2025",2026-02,14.02.2026,59.99,EUR
7a84b983-0dfb-4303-9547-a5f9e2cca8e1,"Gregory de la Haba, Locust Of Being #18 / In The Name Of…de la Haba #5 / Formula One (Easy Diptych #20), 2024-2025",2026-03,24.03.2026,59.99,EUR
7a84b983-0dfb-4303-9547-a5f9e2cca8e1,"Gregory de la Haba, Locust Of Being #18 / In The Name Of…de la Haba #5 / Formula One (Easy Diptych #20), 2024-2025",2026-04,24.04.2026,59.99,EUR
7a84b983-0dfb-4303-9547-a5f9e2cca8e1,"Gregory de la Haba, Locust Of Being #18 / In The Name Of…de la Haba #5 / Formula One (Easy Diptych #20), 2024-2025",2026-05,07.05.2026,59.99,EUR
7a84b983-0dfb-4303-9547-a5f9e2cca8e1,"Gregory de la Haba, Locust Of Being #18 / In The Name Of…de la Haba #5 / Formula One (Easy Diptych #20), 2024-2025",2026-06,17.06.2026,60.16,EUR
7a84b983-0dfb-4303-9547-a5f9e2cca8e1,"Gregory de la Haba, Locust Of Being #18 / In The Name Of…de la Haba #5 / Formula One (Easy Diptych #20), 2024-2025",2026-07,29.07.2026,60.25,EUR
7a84b983-0dfb-4303-9547-a5f9e2cca8e1,"Gregory de la Haba, Locust Of Being #18 / In The Name Of…de la Haba #5 / Formula One (Easy Diptych #20), 2024-2025",2026-08,04.08.2026,60.25,EUR
3946d398-29c9-4943-a5d4-7103118fe998,"Hermès, Kelly 25 Padded",2025-12,08.12.2025,55.36,EUR
3946d398-29c9-4943-a5d4-7103118fe998,"Hermès, Kelly 25 Padded",2026-01,16.01.2026,55.36,EUR
3946d398-29c9-4943-a5d4-7103118fe998,"Hermès, Kelly 25 Padded",2026-02,14.02.2026,55.36,EUR
3946d398-29c9-4943-a5d4-7103118fe998,"Hermès, Kelly 25 Padded",2026-03,24.03.2026,55.36,EUR
3946d398-29c9-4943-a5d4-7103118fe998,"Hermès, Kelly 25 Padded",2026-04,24.04.2026,56.31,EUR
3946d398-29c9-4943-a5d4-7103118fe998,"Hermès, Kelly 25 Padded",2026-05,07.05.2026,56.31,EUR
3946d398-29c9-4943-a5d4-7103118fe998,"Hermès, Kelly 25 Padded",2026-06,17.06.2026,56.31,EUR
3946d398-29c9-4943-a5d4-7103118fe998,"Hermès, Kelly 25 Padded",2026-07,29.07.2026,55.95,EUR
3946d398-29c9-4943-a5d4-7103118fe998,"Hermès, Kelly 25 Padded",2026-08,04.08.2026,55.95,EUR
a1cd95c8-c11c-4bcd-b1ee-6c828fcf8f38,"Hermès, Kelly, 20cm, Desordre, 2023",2025-12,08.12.2025,54.97,EUR
a1cd95c8-c11c-4bcd-b1ee-6c828fcf8f38,"Hermès, Kelly, 20cm, Desordre, 2023",2026-01,16.01.2026,54.97,EUR
a1cd95c8-c11c-4bcd-b1ee-6c828fcf8f38,"Hermès, Kelly, 20cm, Desordre, 2023",2026-02,14.02.2026,54.97,EUR
a1cd95c8-c11c-4bcd-b1ee-6c828fcf8f38,"Hermès, Kelly, 20cm, Desordre, 2023",2026-03,24.03.2026,54.97,EUR
a1cd95c8-c11c-4bcd-b1ee-6c828fcf8f38,"Hermès, Kelly, 20cm, Desordre, 2023",2026-04,24.04.2026,56.00,EUR
a1cd95c8-c11c-4bcd-b1ee-6c828fcf8f38,"Hermès, Kelly, 20cm, Desordre, 2023",2026-05,07.05.2026,56.00,EUR
a1cd95c8-c11c-4bcd-b1ee-6c828fcf8f38,"Hermès, Kelly, 20cm, Desordre, 2023",2026-06,17.06.2026,56.00,EUR
a1cd95c8-c11c-4bcd-b1ee-6c828fcf8f38,"Hermès, Kelly, 20cm, Desordre, 2023",2026-07,29.07.2026,56.00,EUR
a1cd95c8-c11c-4bcd-b1ee-6c828fcf8f38,"Hermès, Kelly, 20cm, Desordre, 2023",2026-08,04.08.2026,56.00,EUR
05a9a7b4-ad4e-443f-bf99-fc5d0047749c,"Hermès, Kelly, Mini 20cm, Epsom, Vert Criquet",2025-12,08.12.2025,52.21,EUR
05a9a7b4-ad4e-443f-bf99-fc5d0047749c,"Hermès, Kelly, Mini 20cm, Epsom, Vert Criquet",2026-01,16.01.2026,52.21,EUR
05a9a7b4-ad4e-443f-bf99-fc5d0047749c,"Hermès, Kelly, Mini 20cm, Epsom, Vert Criquet",2026-02,14.02.2026,52.21,EUR
05a9a7b4-ad4e-443f-bf99-fc5d0047749c,"Hermès, Kelly, Mini 20cm, Epsom, Vert Criquet",2026-03,24.03.2026,52.21,EUR
05a9a7b4-ad4e-443f-bf99-fc5d0047749c,"Hermès, Kelly, Mini 20cm, Epsom, Vert Criquet",2026-04,24.04.2026,53.36,EUR
05a9a7b4-ad4e-443f-bf99-fc5d0047749c,"Hermès, Kelly, Mini 20cm, Epsom, Vert Criquet",2026-05,07.05.2026,53.36,EUR
05a9a7b4-ad4e-443f-bf99-fc5d0047749c,"Hermès, Kelly, Mini 20cm, Epsom, Vert Criquet",2026-06,17.06.2026,38.58,EUR
05a9a7b4-ad4e-443f-bf99-fc5d0047749c,"Hermès, Kelly, Mini 20cm, Epsom, Vert Criquet",2026-07,29.07.2026,38.86,EUR
05a9a7b4-ad4e-443f-bf99-fc5d0047749c,"Hermès, Kelly, Mini 20cm, Epsom, Vert Criquet",2026-08,04.08.2026,38.86,EUR
9c7e8e40-c090-4869-986f-b913d6fd3ad7,"Hermès, Limited Edition Birkin Ostrich, 25cm , 2022",2025-12,08.12.2025,51.29,EUR
9c7e8e40-c090-4869-986f-b913d6fd3ad7,"Hermès, Limited Edition Birkin Ostrich, 25cm , 2022",2026-01,16.01.2026,51.29,EUR
9c7e8e40-c090-4869-986f-b913d6fd3ad7,"Hermès, Limited Edition Birkin Ostrich, 25cm , 2022",2026-02,14.02.2026,51.29,EUR
9c7e8e40-c090-4869-986f-b913d6fd3ad7,"Hermès, Limited Edition Birkin Ostrich, 25cm , 2022",2026-03,24.03.2026,51.29,EUR
9c7e8e40-c090-4869-986f-b913d6fd3ad7,"Hermès, Limited Edition Birkin Ostrich, 25cm , 2022",2026-04,24.04.2026,52.47,EUR
9c7e8e40-c090-4869-986f-b913d6fd3ad7,"Hermès, Limited Edition Birkin Ostrich, 25cm , 2022",2026-05,07.05.2026,52.47,EUR
9c7e8e40-c090-4869-986f-b913d6fd3ad7,"Hermès, Limited Edition Birkin Ostrich, 25cm , 2022",2026-06,17.06.2026,48.91,EUR
9c7e8e40-c090-4869-986f-b913d6fd3ad7,"Hermès, Limited Edition Birkin Ostrich, 25cm , 2022",2026-07,29.07.2026,47.03,EUR
9c7e8e40-c090-4869-986f-b913d6fd3ad7,"Hermès, Limited Edition Birkin Ostrich, 25cm , 2022",2026-08,04.08.2026,47.03,EUR
d18900fc-87da-4fb3-8c32-608bb64fe909,"Hermès, Mini Kelly Ostrich, 20 cm, 2021",2025-12,08.12.2025,50.76,EUR
d18900fc-87da-4fb3-8c32-608bb64fe909,"Hermès, Mini Kelly Ostrich, 20 cm, 2021",2026-01,16.01.2026,50.76,EUR
d18900fc-87da-4fb3-8c32-608bb64fe909,"Hermès, Mini Kelly Ostrich, 20 cm, 2021",2026-02,14.02.2026,50.76,EUR
d18900fc-87da-4fb3-8c32-608bb64fe909,"Hermès, Mini Kelly Ostrich, 20 cm, 2021",2026-03,24.03.2026,50.76,EUR
d18900fc-87da-4fb3-8c32-608bb64fe909,"Hermès, Mini Kelly Ostrich, 20 cm, 2021",2026-04,24.04.2026,51.78,EUR
d18900fc-87da-4fb3-8c32-608bb64fe909,"Hermès, Mini Kelly Ostrich, 20 cm, 2021",2026-05,07.05.2026,51.78,EUR
d18900fc-87da-4fb3-8c32-608bb64fe909,"Hermès, Mini Kelly Ostrich, 20 cm, 2021",2026-06,17.06.2026,47.49,EUR
d18900fc-87da-4fb3-8c32-608bb64fe909,"Hermès, Mini Kelly Ostrich, 20 cm, 2021",2026-07,29.07.2026,47.49,EUR
d18900fc-87da-4fb3-8c32-608bb64fe909,"Hermès, Mini Kelly Ostrich, 20 cm, 2021",2026-08,04.08.2026,47.49,EUR
ba6d6b8a-7282-47df-a53b-f03f1ccedad5,"Jannis Kounellis, Untitled, 1983",2025-12,08.12.2025,59.63,EUR
ba6d6b8a-7282-47df-a53b-f03f1ccedad5,"Jannis Kounellis, Untitled, 1983",2026-01,16.01.2026,59.63,EUR
ba6d6b8a-7282-47df-a53b-f03f1ccedad5,"Jannis Kounellis, Untitled, 1983",2026-02,14.02.2026,59.63,EUR
ba6d6b8a-7282-47df-a53b-f03f1ccedad5,"Jannis Kounellis, Untitled, 1983",2026-03,24.03.2026,59.63,EUR
ba6d6b8a-7282-47df-a53b-f03f1ccedad5,"Jannis Kounellis, Untitled, 1983",2026-04,24.04.2026,59.63,EUR
ba6d6b8a-7282-47df-a53b-f03f1ccedad5,"Jannis Kounellis, Untitled, 1983",2026-05,07.05.2026,59.63,EUR
ba6d6b8a-7282-47df-a53b-f03f1ccedad5,"Jannis Kounellis, Untitled, 1983",2026-06,17.06.2026,59.63,EUR
ba6d6b8a-7282-47df-a53b-f03f1ccedad5,"Jannis Kounellis, Untitled, 1983",2026-07,29.07.2026,59.63,EUR
ba6d6b8a-7282-47df-a53b-f03f1ccedad5,"Jannis Kounellis, Untitled, 1983",2026-08,04.08.2026,59.63,EUR
396b576c-100b-462a-97ca-55339ba4a03a,"Javier Calleja, Redhead",2026-06,17.06.2026,57.09,EUR
396b576c-100b-462a-97ca-55339ba4a03a,"Javier Calleja, Redhead",2026-07,29.07.2026,57.17,EUR
396b576c-100b-462a-97ca-55339ba4a03a,"Javier Calleja, Redhead",2026-08,04.08.2026,57.17,EUR
d8aba370-c141-4ffa-87f7-7a8b0887cf0e,Jayson Tatum 2017 Immaculate Rookie Patch Auto LogoTag 2/3 with 5-Color BGS 9,2025-12,08.12.2025,54.90,EUR
d8aba370-c141-4ffa-87f7-7a8b0887cf0e,Jayson Tatum 2017 Immaculate Rookie Patch Auto LogoTag 2/3 with 5-Color BGS 9,2026-01,16.01.2026,54.09,EUR
d8aba370-c141-4ffa-87f7-7a8b0887cf0e,Jayson Tatum 2017 Immaculate Rookie Patch Auto LogoTag 2/3 with 5-Color BGS 9,2026-02,14.02.2026,54.75,EUR
d8aba370-c141-4ffa-87f7-7a8b0887cf0e,Jayson Tatum 2017 Immaculate Rookie Patch Auto LogoTag 2/3 with 5-Color BGS 9,2026-03,24.03.2026,62.34,EUR
d8aba370-c141-4ffa-87f7-7a8b0887cf0e,Jayson Tatum 2017 Immaculate Rookie Patch Auto LogoTag 2/3 with 5-Color BGS 9,2026-04,24.04.2026,61.00,EUR
d8aba370-c141-4ffa-87f7-7a8b0887cf0e,Jayson Tatum 2017 Immaculate Rookie Patch Auto LogoTag 2/3 with 5-Color BGS 9,2026-05,07.05.2026,61.00,EUR
d8aba370-c141-4ffa-87f7-7a8b0887cf0e,Jayson Tatum 2017 Immaculate Rookie Patch Auto LogoTag 2/3 with 5-Color BGS 9,2026-06,17.06.2026,66.23,EUR
d8aba370-c141-4ffa-87f7-7a8b0887cf0e,Jayson Tatum 2017 Immaculate Rookie Patch Auto LogoTag 2/3 with 5-Color BGS 9,2026-07,29.07.2026,72.27,EUR
d8aba370-c141-4ffa-87f7-7a8b0887cf0e,Jayson Tatum 2017 Immaculate Rookie Patch Auto LogoTag 2/3 with 5-Color BGS 9,2026-08,04.08.2026,72.27,EUR
6b4ca014-689a-4373-9395-e70a7c0aed91,"Jayson Tatum, 2023 Prizm Logoman Auto 1 of 1 PSA 9 + 10 Auto",2025-12,08.12.2025,56.19,EUR
6b4ca014-689a-4373-9395-e70a7c0aed91,"Jayson Tatum, 2023 Prizm Logoman Auto 1 of 1 PSA 9 + 10 Auto",2026-01,16.01.2026,55.36,EUR
6b4ca014-689a-4373-9395-e70a7c0aed91,"Jayson Tatum, 2023 Prizm Logoman Auto 1 of 1 PSA 9 + 10 Auto",2026-02,14.02.2026,56.04,EUR
6b4ca014-689a-4373-9395-e70a7c0aed91,"Jayson Tatum, 2023 Prizm Logoman Auto 1 of 1 PSA 9 + 10 Auto",2026-03,24.03.2026,63.90,EUR
6b4ca014-689a-4373-9395-e70a7c0aed91,"Jayson Tatum, 2023 Prizm Logoman Auto 1 of 1 PSA 9 + 10 Auto",2026-04,24.04.2026,62.51,EUR
6b4ca014-689a-4373-9395-e70a7c0aed91,"Jayson Tatum, 2023 Prizm Logoman Auto 1 of 1 PSA 9 + 10 Auto",2026-05,07.05.2026,62.51,EUR
6b4ca014-689a-4373-9395-e70a7c0aed91,"Jayson Tatum, 2023 Prizm Logoman Auto 1 of 1 PSA 9 + 10 Auto",2026-06,17.06.2026,69.44,EUR
6b4ca014-689a-4373-9395-e70a7c0aed91,"Jayson Tatum, 2023 Prizm Logoman Auto 1 of 1 PSA 9 + 10 Auto",2026-07,29.07.2026,75.35,EUR
6b4ca014-689a-4373-9395-e70a7c0aed91,"Jayson Tatum, 2023 Prizm Logoman Auto 1 of 1 PSA 9 + 10 Auto",2026-08,04.08.2026,75.35,EUR
df92271d-a60a-47d1-b8cd-1dc2a4ddc6d7,"Jean-Michel Basquiat, Odours of Punt, 2024",2025-12,08.12.2025,51.97,EUR
df92271d-a60a-47d1-b8cd-1dc2a4ddc6d7,"Jean-Michel Basquiat, Odours of Punt, 2024",2026-01,16.01.2026,51.97,EUR
df92271d-a60a-47d1-b8cd-1dc2a4ddc6d7,"Jean-Michel Basquiat, Odours of Punt, 2024",2026-02,14.02.2026,51.97,EUR
df92271d-a60a-47d1-b8cd-1dc2a4ddc6d7,"Jean-Michel Basquiat, Odours of Punt, 2024",2026-03,24.03.2026,51.97,EUR
df92271d-a60a-47d1-b8cd-1dc2a4ddc6d7,"Jean-Michel Basquiat, Odours of Punt, 2024",2026-04,24.04.2026,51.97,EUR
df92271d-a60a-47d1-b8cd-1dc2a4ddc6d7,"Jean-Michel Basquiat, Odours of Punt, 2024",2026-05,07.05.2026,51.97,EUR
df92271d-a60a-47d1-b8cd-1dc2a4ddc6d7,"Jean-Michel Basquiat, Odours of Punt, 2024",2026-06,17.06.2026,52.12,EUR
df92271d-a60a-47d1-b8cd-1dc2a4ddc6d7,"Jean-Michel Basquiat, Odours of Punt, 2024",2026-07,29.07.2026,52.12,EUR
df92271d-a60a-47d1-b8cd-1dc2a4ddc6d7,"Jean-Michel Basquiat, Odours of Punt, 2024",2026-08,04.08.2026,52.12,EUR
563eb0f2-d1fb-4745-aac5-1577a2ab7e68,"Jon Merz, Portfolio of 7 Works",2026-05,07.05.2026,54.33,EUR
563eb0f2-d1fb-4745-aac5-1577a2ab7e68,"Jon Merz, Portfolio of 7 Works",2026-06,17.06.2026,54.49,EUR
563eb0f2-d1fb-4745-aac5-1577a2ab7e68,"Jon Merz, Portfolio of 7 Works",2026-07,29.07.2026,54.57,EUR
563eb0f2-d1fb-4745-aac5-1577a2ab7e68,"Jon Merz, Portfolio of 7 Works",2026-08,04.08.2026,54.57,EUR
c7a351d3-5b8c-47ab-90c8-745a1d8836a9,"Jordan/Pippen 2005 Exquisite Collection Dual Scripted Auto Patch 5/5 BGS 8,5",2025-12,08.12.2025,66.27,EUR
c7a351d3-5b8c-47ab-90c8-745a1d8836a9,"Jordan/Pippen 2005 Exquisite Collection Dual Scripted Auto Patch 5/5 BGS 8,5",2026-01,16.01.2026,67.12,EUR
c7a351d3-5b8c-47ab-90c8-745a1d8836a9,"Jordan/Pippen 2005 Exquisite Collection Dual Scripted Auto Patch 5/5 BGS 8,5",2026-02,14.02.2026,67.36,EUR
c7a351d3-5b8c-47ab-90c8-745a1d8836a9,"Jordan/Pippen 2005 Exquisite Collection Dual Scripted Auto Patch 5/5 BGS 8,5",2026-03,24.03.2026,68.39,EUR
c7a351d3-5b8c-47ab-90c8-745a1d8836a9,"Jordan/Pippen 2005 Exquisite Collection Dual Scripted Auto Patch 5/5 BGS 8,5",2026-04,24.04.2026,69.21,EUR
c7a351d3-5b8c-47ab-90c8-745a1d8836a9,"Jordan/Pippen 2005 Exquisite Collection Dual Scripted Auto Patch 5/5 BGS 8,5",2026-05,07.05.2026,69.21,EUR
c7a351d3-5b8c-47ab-90c8-745a1d8836a9,"Jordan/Pippen 2005 Exquisite Collection Dual Scripted Auto Patch 5/5 BGS 8,5",2026-06,17.06.2026,75.14,EUR
c7a351d3-5b8c-47ab-90c8-745a1d8836a9,"Jordan/Pippen 2005 Exquisite Collection Dual Scripted Auto Patch 5/5 BGS 8,5",2026-07,29.07.2026,82.00,EUR
c7a351d3-5b8c-47ab-90c8-745a1d8836a9,"Jordan/Pippen 2005 Exquisite Collection Dual Scripted Auto Patch 5/5 BGS 8,5",2026-08,04.08.2026,82.00,EUR
3a8b7778-7281-40dd-a6c0-f380149a6a3e,"Josh Sperling, Untitled (Tondo 1), 2017",2026-01,16.01.2026,50.00,EUR
3a8b7778-7281-40dd-a6c0-f380149a6a3e,"Josh Sperling, Untitled (Tondo 1), 2017",2026-02,14.02.2026,50.00,EUR
3a8b7778-7281-40dd-a6c0-f380149a6a3e,"Josh Sperling, Untitled (Tondo 1), 2017",2026-03,24.03.2026,50.60,EUR
3a8b7778-7281-40dd-a6c0-f380149a6a3e,"Josh Sperling, Untitled (Tondo 1), 2017",2026-04,24.04.2026,50.60,EUR
3a8b7778-7281-40dd-a6c0-f380149a6a3e,"Josh Sperling, Untitled (Tondo 1), 2017",2026-05,07.05.2026,50.60,EUR
3a8b7778-7281-40dd-a6c0-f380149a6a3e,"Josh Sperling, Untitled (Tondo 1), 2017",2026-06,17.06.2026,50.75,EUR
3a8b7778-7281-40dd-a6c0-f380149a6a3e,"Josh Sperling, Untitled (Tondo 1), 2017",2026-07,29.07.2026,50.82,EUR
3a8b7778-7281-40dd-a6c0-f380149a6a3e,"Josh Sperling, Untitled (Tondo 1), 2017",2026-08,04.08.2026,50.82,EUR
e1c98c29-d94f-48f8-930a-ed251b4a2936,"Katherine Bernhardt, Pepsi, 2019",2025-12,08.12.2025,73.00,EUR
e1c98c29-d94f-48f8-930a-ed251b4a2936,"Katherine Bernhardt, Pepsi, 2019",2026-01,16.01.2026,73.00,EUR
e1c98c29-d94f-48f8-930a-ed251b4a2936,"Katherine Bernhardt, Pepsi, 2019",2026-02,14.02.2026,73.00,EUR
e1c98c29-d94f-48f8-930a-ed251b4a2936,"Katherine Bernhardt, Pepsi, 2019",2026-03,24.03.2026,73.00,EUR
e1c98c29-d94f-48f8-930a-ed251b4a2936,"Katherine Bernhardt, Pepsi, 2019",2026-04,24.04.2026,73.00,EUR
e1c98c29-d94f-48f8-930a-ed251b4a2936,"Katherine Bernhardt, Pepsi, 2019",2026-05,07.05.2026,73.00,EUR
e1c98c29-d94f-48f8-930a-ed251b4a2936,"Katherine Bernhardt, Pepsi, 2019",2026-06,17.06.2026,73.21,EUR
e1c98c29-d94f-48f8-930a-ed251b4a2936,"Katherine Bernhardt, Pepsi, 2019",2026-07,29.07.2026,73.31,EUR
e1c98c29-d94f-48f8-930a-ed251b4a2936,"Katherine Bernhardt, Pepsi, 2019",2026-08,04.08.2026,73.31,EUR
8bcbfeda-080a-44a4-9421-9807cdef214a,"KAWS x Dior, BFF Plush Set",2025-12,08.12.2025,52.80,EUR
8bcbfeda-080a-44a4-9421-9807cdef214a,"KAWS x Dior, BFF Plush Set",2026-01,16.01.2026,52.80,EUR
8bcbfeda-080a-44a4-9421-9807cdef214a,"KAWS x Dior, BFF Plush Set",2026-02,14.02.2026,52.80,EUR
8bcbfeda-080a-44a4-9421-9807cdef214a,"KAWS x Dior, BFF Plush Set",2026-03,24.03.2026,52.80,EUR
8bcbfeda-080a-44a4-9421-9807cdef214a,"KAWS x Dior, BFF Plush Set",2026-04,24.04.2026,52.80,EUR
8bcbfeda-080a-44a4-9421-9807cdef214a,"KAWS x Dior, BFF Plush Set",2026-05,07.05.2026,52.80,EUR
8bcbfeda-080a-44a4-9421-9807cdef214a,"KAWS x Dior, BFF Plush Set",2026-06,17.06.2026,52.80,EUR
8bcbfeda-080a-44a4-9421-9807cdef214a,"KAWS x Dior, BFF Plush Set",2026-07,29.07.2026,45.10,EUR
8bcbfeda-080a-44a4-9421-9807cdef214a,"KAWS x Dior, BFF Plush Set",2026-08,04.08.2026,45.10,EUR
2e3a7629-499c-4d11-8cd0-0d718f34f36b,"Keith Haring, Untitled, 1985 (Part II)",2026-02,14.02.2026,50.00,EUR
2e3a7629-499c-4d11-8cd0-0d718f34f36b,"Keith Haring, Untitled, 1985 (Part II)",2026-03,24.03.2026,52.21,EUR
2e3a7629-499c-4d11-8cd0-0d718f34f36b,"Keith Haring, Untitled, 1985 (Part II)",2026-04,24.04.2026,55.94,EUR
2e3a7629-499c-4d11-8cd0-0d718f34f36b,"Keith Haring, Untitled, 1985 (Part II)",2026-05,07.05.2026,55.94,EUR
2e3a7629-499c-4d11-8cd0-0d718f34f36b,"Keith Haring, Untitled, 1985 (Part II)",2026-06,17.06.2026,55.94,EUR
2e3a7629-499c-4d11-8cd0-0d718f34f36b,"Keith Haring, Untitled, 1985 (Part II)",2026-07,29.07.2026,55.94,EUR
2e3a7629-499c-4d11-8cd0-0d718f34f36b,"Keith Haring, Untitled, 1985 (Part II)",2026-08,04.08.2026,55.94,EUR
f7f0b7a4-ca0c-44c4-a746-5b7e63aa0149,"Kenny Scharf, Kamo, 2020",2025-12,08.12.2025,74.96,EUR
f7f0b7a4-ca0c-44c4-a746-5b7e63aa0149,"Kenny Scharf, Kamo, 2020",2026-01,16.01.2026,74.96,EUR
f7f0b7a4-ca0c-44c4-a746-5b7e63aa0149,"Kenny Scharf, Kamo, 2020",2026-02,14.02.2026,74.96,EUR
f7f0b7a4-ca0c-44c4-a746-5b7e63aa0149,"Kenny Scharf, Kamo, 2020",2026-03,24.03.2026,74.96,EUR
f7f0b7a4-ca0c-44c4-a746-5b7e63aa0149,"Kenny Scharf, Kamo, 2020",2026-04,24.04.2026,74.96,EUR
f7f0b7a4-ca0c-44c4-a746-5b7e63aa0149,"Kenny Scharf, Kamo, 2020",2026-05,07.05.2026,74.96,EUR
f7f0b7a4-ca0c-44c4-a746-5b7e63aa0149,"Kenny Scharf, Kamo, 2020",2026-06,17.06.2026,75.17,EUR
f7f0b7a4-ca0c-44c4-a746-5b7e63aa0149,"Kenny Scharf, Kamo, 2020",2026-07,29.07.2026,75.28,EUR
f7f0b7a4-ca0c-44c4-a746-5b7e63aa0149,"Kenny Scharf, Kamo, 2020",2026-08,04.08.2026,75.28,EUR
e7a786fe-6784-42ee-8404-4dd38682bc4c,Kobe Bryant 2012 Panini Prizm Gold Most Valuable Player (MVP) 1/10 PSA 10,2026-02,14.02.2026,50.27,EUR
e7a786fe-6784-42ee-8404-4dd38682bc4c,Kobe Bryant 2012 Panini Prizm Gold Most Valuable Player (MVP) 1/10 PSA 10,2026-03,24.03.2026,51.44,EUR
e7a786fe-6784-42ee-8404-4dd38682bc4c,Kobe Bryant 2012 Panini Prizm Gold Most Valuable Player (MVP) 1/10 PSA 10,2026-04,24.04.2026,52.72,EUR
e7a786fe-6784-42ee-8404-4dd38682bc4c,Kobe Bryant 2012 Panini Prizm Gold Most Valuable Player (MVP) 1/10 PSA 10,2026-05,07.05.2026,52.72,EUR
e7a786fe-6784-42ee-8404-4dd38682bc4c,Kobe Bryant 2012 Panini Prizm Gold Most Valuable Player (MVP) 1/10 PSA 10,2026-06,17.06.2026,57.24,EUR
e7a786fe-6784-42ee-8404-4dd38682bc4c,Kobe Bryant 2012 Panini Prizm Gold Most Valuable Player (MVP) 1/10 PSA 10,2026-07,29.07.2026,62.46,EUR
e7a786fe-6784-42ee-8404-4dd38682bc4c,Kobe Bryant 2012 Panini Prizm Gold Most Valuable Player (MVP) 1/10 PSA 10,2026-08,04.08.2026,62.46,EUR
455f43f8-191b-4a87-bccf-d111ed52ab9f,"Kobe Bryant, 2015 Flawless Now & Then (signed), #8/25, PSA 8",2025-12,08.12.2025,50.00,EUR
455f43f8-191b-4a87-bccf-d111ed52ab9f,"Kobe Bryant, 2015 Flawless Now & Then (signed), #8/25, PSA 8",2026-01,16.01.2026,50.42,EUR
455f43f8-191b-4a87-bccf-d111ed52ab9f,"Kobe Bryant, 2015 Flawless Now & Then (signed), #8/25, PSA 8",2026-02,14.02.2026,50.68,EUR
455f43f8-191b-4a87-bccf-d111ed52ab9f,"Kobe Bryant, 2015 Flawless Now & Then (signed), #8/25, PSA 8",2026-03,24.03.2026,51.88,EUR
455f43f8-191b-4a87-bccf-d111ed52ab9f,"Kobe Bryant, 2015 Flawless Now & Then (signed), #8/25, PSA 8",2026-04,24.04.2026,51.46,EUR
455f43f8-191b-4a87-bccf-d111ed52ab9f,"Kobe Bryant, 2015 Flawless Now & Then (signed), #8/25, PSA 8",2026-05,07.05.2026,51.46,EUR
455f43f8-191b-4a87-bccf-d111ed52ab9f,"Kobe Bryant, 2015 Flawless Now & Then (signed), #8/25, PSA 8",2026-06,17.06.2026,55.87,EUR
455f43f8-191b-4a87-bccf-d111ed52ab9f,"Kobe Bryant, 2015 Flawless Now & Then (signed), #8/25, PSA 8",2026-07,29.07.2026,60.97,EUR
455f43f8-191b-4a87-bccf-d111ed52ab9f,"Kobe Bryant, 2015 Flawless Now & Then (signed), #8/25, PSA 8",2026-08,04.08.2026,60.97,EUR
228a8d05-26ed-4061-b133-45c4ff509dad,"Konstantino Dregos, Prima Materia II (2024)",2026-08,04.08.2026,50.00,EUR
74010d65-6962-4c1f-98e7-0c1aeb763a53,"Krug, Rosé & Champagne Portfolio",2026-01,16.01.2026,54.21,EUR
74010d65-6962-4c1f-98e7-0c1aeb763a53,"Krug, Rosé & Champagne Portfolio",2026-02,14.02.2026,57.46,EUR
74010d65-6962-4c1f-98e7-0c1aeb763a53,"Krug, Rosé & Champagne Portfolio",2026-03,24.03.2026,57.66,EUR
74010d65-6962-4c1f-98e7-0c1aeb763a53,"Krug, Rosé & Champagne Portfolio",2026-04,24.04.2026,57.44,EUR
74010d65-6962-4c1f-98e7-0c1aeb763a53,"Krug, Rosé & Champagne Portfolio",2026-05,07.05.2026,57.44,EUR
74010d65-6962-4c1f-98e7-0c1aeb763a53,"Krug, Rosé & Champagne Portfolio",2026-06,17.06.2026,57.27,EUR
74010d65-6962-4c1f-98e7-0c1aeb763a53,"Krug, Rosé & Champagne Portfolio",2026-07,29.07.2026,57.06,EUR
74010d65-6962-4c1f-98e7-0c1aeb763a53,"Krug, Rosé & Champagne Portfolio",2026-08,04.08.2026,57.06,EUR
b0c360e7-a401-4517-8426-e880ee516119,"Ksenia Pasyura, Ceremony, 2023",2025-12,08.12.2025,69.83,EUR
b0c360e7-a401-4517-8426-e880ee516119,"Ksenia Pasyura, Ceremony, 2023",2026-01,16.01.2026,69.83,EUR
b0c360e7-a401-4517-8426-e880ee516119,"Ksenia Pasyura, Ceremony, 2023",2026-02,14.02.2026,69.83,EUR
b0c360e7-a401-4517-8426-e880ee516119,"Ksenia Pasyura, Ceremony, 2023",2026-03,24.03.2026,69.83,EUR
b0c360e7-a401-4517-8426-e880ee516119,"Ksenia Pasyura, Ceremony, 2023",2026-04,24.04.2026,69.83,EUR
b0c360e7-a401-4517-8426-e880ee516119,"Ksenia Pasyura, Ceremony, 2023",2026-05,07.05.2026,69.83,EUR
b0c360e7-a401-4517-8426-e880ee516119,"Ksenia Pasyura, Ceremony, 2023",2026-06,17.06.2026,70.03,EUR
b0c360e7-a401-4517-8426-e880ee516119,"Ksenia Pasyura, Ceremony, 2023",2026-07,29.07.2026,70.13,EUR
b0c360e7-a401-4517-8426-e880ee516119,"Ksenia Pasyura, Ceremony, 2023",2026-08,04.08.2026,70.13,EUR
6b0a2283-e11b-47c9-9cf3-3a999ce09ec1,"Ksenia Pasyura, New Statement, 2024",2025-12,08.12.2025,76.80,EUR
6b0a2283-e11b-47c9-9cf3-3a999ce09ec1,"Ksenia Pasyura, New Statement, 2024",2026-01,16.01.2026,76.80,EUR
6b0a2283-e11b-47c9-9cf3-3a999ce09ec1,"Ksenia Pasyura, New Statement, 2024",2026-02,14.02.2026,76.80,EUR
6b0a2283-e11b-47c9-9cf3-3a999ce09ec1,"Ksenia Pasyura, New Statement, 2024",2026-03,24.03.2026,76.80,EUR
6b0a2283-e11b-47c9-9cf3-3a999ce09ec1,"Ksenia Pasyura, New Statement, 2024",2026-04,24.04.2026,76.80,EUR
6b0a2283-e11b-47c9-9cf3-3a999ce09ec1,"Ksenia Pasyura, New Statement, 2024",2026-05,07.05.2026,76.80,EUR
6b0a2283-e11b-47c9-9cf3-3a999ce09ec1,"Ksenia Pasyura, New Statement, 2024",2026-06,17.06.2026,77.02,EUR
6b0a2283-e11b-47c9-9cf3-3a999ce09ec1,"Ksenia Pasyura, New Statement, 2024",2026-07,29.07.2026,77.02,EUR
6b0a2283-e11b-47c9-9cf3-3a999ce09ec1,"Ksenia Pasyura, New Statement, 2024",2026-08,04.08.2026,77.02,EUR
64169723-b0fe-46f5-ba8a-2e371c3c28d0,Kylian Mbappe Panini Donruss FIFA Kaboom Black 1of1,2025-12,08.12.2025,63.99,EUR
64169723-b0fe-46f5-ba8a-2e371c3c28d0,Kylian Mbappe Panini Donruss FIFA Kaboom Black 1of1,2026-01,16.01.2026,67.75,EUR
64169723-b0fe-46f5-ba8a-2e371c3c28d0,Kylian Mbappe Panini Donruss FIFA Kaboom Black 1of1,2026-02,14.02.2026,67.96,EUR
64169723-b0fe-46f5-ba8a-2e371c3c28d0,Kylian Mbappe Panini Donruss FIFA Kaboom Black 1of1,2026-03,24.03.2026,68.23,EUR
64169723-b0fe-46f5-ba8a-2e371c3c28d0,Kylian Mbappe Panini Donruss FIFA Kaboom Black 1of1,2026-04,24.04.2026,68.42,EUR
139efc0e-2ee7-43b8-b887-524f03643a8f,Lamine Yamal 2023-24 Topps Chrome UCC (UEFA Club Competitions) Black Refractor Auto Rookie 4of10 PSA 8 + 10,2026-07,29.07.2026,50.00,EUR
139efc0e-2ee7-43b8-b887-524f03643a8f,Lamine Yamal 2023-24 Topps Chrome UCC (UEFA Club Competitions) Black Refractor Auto Rookie 4of10 PSA 8 + 10,2026-08,04.08.2026,54.50,EUR
b762f544-5aa4-4853-a07b-d5b7b67dd46d,Lamine Yamal 2024 Topps Chrome UEFA EURO Debut Black Auto 10of10,2026-07,29.07.2026,71.92,EUR
b762f544-5aa4-4853-a07b-d5b7b67dd46d,Lamine Yamal 2024 Topps Chrome UEFA EURO Debut Black Auto 10of10,2026-08,04.08.2026,71.92,EUR
23e1a6ae-a446-4c49-a76a-8bb3f46f92ed,LEGO Aviation & Aerospace Bundle I (80 Sets),2025-12,08.12.2025,54.21,EUR
23e1a6ae-a446-4c49-a76a-8bb3f46f92ed,LEGO Aviation & Aerospace Bundle I (80 Sets),2026-01,16.01.2026,54.23,EUR
23e1a6ae-a446-4c49-a76a-8bb3f46f92ed,LEGO Aviation & Aerospace Bundle I (80 Sets),2026-02,14.02.2026,54.84,EUR
23e1a6ae-a446-4c49-a76a-8bb3f46f92ed,LEGO Aviation & Aerospace Bundle I (80 Sets),2026-03,24.03.2026,54.84,EUR
23e1a6ae-a446-4c49-a76a-8bb3f46f92ed,LEGO Aviation & Aerospace Bundle I (80 Sets),2026-04,24.04.2026,51.44,EUR
23e1a6ae-a446-4c49-a76a-8bb3f46f92ed,LEGO Aviation & Aerospace Bundle I (80 Sets),2026-05,07.05.2026,51.44,EUR
23e1a6ae-a446-4c49-a76a-8bb3f46f92ed,LEGO Aviation & Aerospace Bundle I (80 Sets),2026-06,17.06.2026,49.72,EUR
23e1a6ae-a446-4c49-a76a-8bb3f46f92ed,LEGO Aviation & Aerospace Bundle I (80 Sets),2026-07,29.07.2026,49.72,EUR
23e1a6ae-a446-4c49-a76a-8bb3f46f92ed,LEGO Aviation & Aerospace Bundle I (80 Sets),2026-08,04.08.2026,49.72,EUR
8a1a9ce3-eb8d-4190-a28c-1b181cacdfdc,LEGO Chinese New Year Bundle (120 sets),2025-12,08.12.2025,53.60,EUR
8a1a9ce3-eb8d-4190-a28c-1b181cacdfdc,LEGO Chinese New Year Bundle (120 sets),2026-01,16.01.2026,53.63,EUR
8a1a9ce3-eb8d-4190-a28c-1b181cacdfdc,LEGO Chinese New Year Bundle (120 sets),2026-02,14.02.2026,54.24,EUR
8a1a9ce3-eb8d-4190-a28c-1b181cacdfdc,LEGO Chinese New Year Bundle (120 sets),2026-03,24.03.2026,54.24,EUR
8a1a9ce3-eb8d-4190-a28c-1b181cacdfdc,LEGO Chinese New Year Bundle (120 sets),2026-04,24.04.2026,51.97,EUR
8a1a9ce3-eb8d-4190-a28c-1b181cacdfdc,LEGO Chinese New Year Bundle (120 sets),2026-05,07.05.2026,51.97,EUR
8a1a9ce3-eb8d-4190-a28c-1b181cacdfdc,LEGO Chinese New Year Bundle (120 sets),2026-06,17.06.2026,48.95,EUR
8a1a9ce3-eb8d-4190-a28c-1b181cacdfdc,LEGO Chinese New Year Bundle (120 sets),2026-07,29.07.2026,48.95,EUR
8a1a9ce3-eb8d-4190-a28c-1b181cacdfdc,LEGO Chinese New Year Bundle (120 sets),2026-08,04.08.2026,48.95,EUR
cb85a404-503e-4010-a946-56ce0614fc83,LEGO City Trains Bundle I,2025-12,08.12.2025,65.82,EUR
cb85a404-503e-4010-a946-56ce0614fc83,LEGO City Trains Bundle I,2026-01,16.01.2026,65.84,EUR
cb85a404-503e-4010-a946-56ce0614fc83,LEGO City Trains Bundle I,2026-02,14.02.2026,66.62,EUR
cb85a404-503e-4010-a946-56ce0614fc83,LEGO City Trains Bundle I,2026-03,24.03.2026,66.62,EUR
cb85a404-503e-4010-a946-56ce0614fc83,LEGO City Trains Bundle I,2026-04,24.04.2026,66.48,EUR
cb85a404-503e-4010-a946-56ce0614fc83,LEGO City Trains Bundle I,2026-05,07.05.2026,66.48,EUR
cb85a404-503e-4010-a946-56ce0614fc83,LEGO City Trains Bundle I,2026-06,17.06.2026,67.83,EUR
cb85a404-503e-4010-a946-56ce0614fc83,LEGO City Trains Bundle I,2026-07,29.07.2026,67.83,EUR
cb85a404-503e-4010-a946-56ce0614fc83,LEGO City Trains Bundle I,2026-08,04.08.2026,67.83,EUR
6bd641c1-ba46-4c74-893f-3e2b0567cea1,LEGO Classic Cars (150 sets),2026-01,16.01.2026,60.53,EUR
6bd641c1-ba46-4c74-893f-3e2b0567cea1,LEGO Classic Cars (150 sets),2026-02,14.02.2026,61.24,EUR
6bd641c1-ba46-4c74-893f-3e2b0567cea1,LEGO Classic Cars (150 sets),2026-03,24.03.2026,61.24,EUR
6bd641c1-ba46-4c74-893f-3e2b0567cea1,LEGO Classic Cars (150 sets),2026-04,24.04.2026,59.80,EUR
6bd641c1-ba46-4c74-893f-3e2b0567cea1,LEGO Classic Cars (150 sets),2026-05,07.05.2026,59.80,EUR
6bd641c1-ba46-4c74-893f-3e2b0567cea1,LEGO Classic Cars (150 sets),2026-06,17.06.2026,66.13,EUR
6bd641c1-ba46-4c74-893f-3e2b0567cea1,LEGO Classic Cars (150 sets),2026-07,29.07.2026,66.13,EUR
6bd641c1-ba46-4c74-893f-3e2b0567cea1,LEGO Classic Cars (150 sets),2026-08,04.08.2026,66.13,EUR
8c3bbedd-0dd5-4fba-87e9-6da747ffbd1f,LEGO Icons – Eiffel Tower (25 Sets),2026-04,24.04.2026,50.00,EUR
8c3bbedd-0dd5-4fba-87e9-6da747ffbd1f,LEGO Icons – Eiffel Tower (25 Sets),2026-05,07.05.2026,50.12,EUR
8c3bbedd-0dd5-4fba-87e9-6da747ffbd1f,LEGO Icons – Eiffel Tower (25 Sets),2026-06,17.06.2026,50.12,EUR
8c3bbedd-0dd5-4fba-87e9-6da747ffbd1f,LEGO Icons – Eiffel Tower (25 Sets),2026-07,29.07.2026,50.12,EUR
8c3bbedd-0dd5-4fba-87e9-6da747ffbd1f,LEGO Icons – Eiffel Tower (25 Sets),2026-08,04.08.2026,50.12,EUR
98c54d3c-cd95-4be3-8730-eb2bc35dd318,LEGO Modular Buildings Bundle II (80 Sets),2025-12,08.12.2025,55.11,EUR
98c54d3c-cd95-4be3-8730-eb2bc35dd318,LEGO Modular Buildings Bundle II (80 Sets),2026-01,16.01.2026,55.14,EUR
98c54d3c-cd95-4be3-8730-eb2bc35dd318,LEGO Modular Buildings Bundle II (80 Sets),2026-02,14.02.2026,55.75,EUR
98c54d3c-cd95-4be3-8730-eb2bc35dd318,LEGO Modular Buildings Bundle II (80 Sets),2026-03,24.03.2026,55.75,EUR
98c54d3c-cd95-4be3-8730-eb2bc35dd318,LEGO Modular Buildings Bundle II (80 Sets),2026-04,24.04.2026,53.35,EUR
98c54d3c-cd95-4be3-8730-eb2bc35dd318,LEGO Modular Buildings Bundle II (80 Sets),2026-05,07.05.2026,53.35,EUR
98c54d3c-cd95-4be3-8730-eb2bc35dd318,LEGO Modular Buildings Bundle II (80 Sets),2026-06,17.06.2026,52.34,EUR
98c54d3c-cd95-4be3-8730-eb2bc35dd318,LEGO Modular Buildings Bundle II (80 Sets),2026-07,29.07.2026,52.34,EUR
98c54d3c-cd95-4be3-8730-eb2bc35dd318,LEGO Modular Buildings Bundle II (80 Sets),2026-08,04.08.2026,52.34,EUR
af93cd3b-d74f-4873-b19a-ecdabeeb2586,"LEGO, ”modular building” Collection",2025-12,08.12.2025,60.37,EUR
af93cd3b-d74f-4873-b19a-ecdabeeb2586,"LEGO, ”modular building” Collection",2026-01,16.01.2026,61.08,EUR
af93cd3b-d74f-4873-b19a-ecdabeeb2586,"LEGO, ”modular building” Collection",2026-02,14.02.2026,61.81,EUR
af93cd3b-d74f-4873-b19a-ecdabeeb2586,"LEGO, ”modular building” Collection",2026-03,24.03.2026,61.81,EUR
af93cd3b-d74f-4873-b19a-ecdabeeb2586,"LEGO, ”modular building” Collection",2026-04,24.04.2026,59.67,EUR
af93cd3b-d74f-4873-b19a-ecdabeeb2586,"LEGO, ”modular building” Collection",2026-05,07.05.2026,59.67,EUR
af93cd3b-d74f-4873-b19a-ecdabeeb2586,"LEGO, ”modular building” Collection",2026-06,17.06.2026,56.94,EUR
af93cd3b-d74f-4873-b19a-ecdabeeb2586,"LEGO, ”modular building” Collection",2026-07,29.07.2026,56.94,EUR
af93cd3b-d74f-4873-b19a-ecdabeeb2586,"LEGO, ”modular building” Collection",2026-08,04.08.2026,56.94,EUR
acfcc164-11cc-42af-b208-19af93c124e4,"LEGO, BrickLink Designer Collection",2025-12,08.12.2025,54.08,EUR
acfcc164-11cc-42af-b208-19af93c124e4,"LEGO, BrickLink Designer Collection",2026-01,16.01.2026,54.10,EUR
acfcc164-11cc-42af-b208-19af93c124e4,"LEGO, BrickLink Designer Collection",2026-02,14.02.2026,54.54,EUR
acfcc164-11cc-42af-b208-19af93c124e4,"LEGO, BrickLink Designer Collection",2026-03,24.03.2026,54.54,EUR
acfcc164-11cc-42af-b208-19af93c124e4,"LEGO, BrickLink Designer Collection",2026-04,24.04.2026,51.74,EUR
acfcc164-11cc-42af-b208-19af93c124e4,"LEGO, BrickLink Designer Collection",2026-05,07.05.2026,51.74,EUR
acfcc164-11cc-42af-b208-19af93c124e4,"LEGO, BrickLink Designer Collection",2026-06,17.06.2026,54.12,EUR
acfcc164-11cc-42af-b208-19af93c124e4,"LEGO, BrickLink Designer Collection",2026-07,29.07.2026,54.12,EUR
acfcc164-11cc-42af-b208-19af93c124e4,"LEGO, BrickLink Designer Collection",2026-08,04.08.2026,54.12,EUR
a8d6f76b-017c-4907-b55b-7c871daf4413,"LEGO, Classic Cars Bundle - 15 sets each",2025-12,08.12.2025,56.31,EUR
a8d6f76b-017c-4907-b55b-7c871daf4413,"LEGO, Classic Cars Bundle - 15 sets each",2026-01,16.01.2026,56.64,EUR
a8d6f76b-017c-4907-b55b-7c871daf4413,"LEGO, Classic Cars Bundle - 15 sets each",2026-02,14.02.2026,61.58,EUR
a8d6f76b-017c-4907-b55b-7c871daf4413,"LEGO, Classic Cars Bundle - 15 sets each",2026-03,24.03.2026,61.58,EUR
a8d6f76b-017c-4907-b55b-7c871daf4413,"LEGO, Classic Cars Bundle - 15 sets each",2026-04,24.04.2026,58.60,EUR
a8d6f76b-017c-4907-b55b-7c871daf4413,"LEGO, Classic Cars Bundle - 15 sets each",2026-05,07.05.2026,58.60,EUR
a8d6f76b-017c-4907-b55b-7c871daf4413,"LEGO, Classic Cars Bundle - 15 sets each",2026-06,17.06.2026,61.05,EUR
a8d6f76b-017c-4907-b55b-7c871daf4413,"LEGO, Classic Cars Bundle - 15 sets each",2026-07,29.07.2026,61.05,EUR
a8d6f76b-017c-4907-b55b-7c871daf4413,"LEGO, Classic Cars Bundle - 15 sets each",2026-08,04.08.2026,61.05,EUR
11d12012-4693-4642-a35d-f2588ab01479,"LEGO, Fairground Collection",2025-12,08.12.2025,48.36,EUR
11d12012-4693-4642-a35d-f2588ab01479,"LEGO, Fairground Collection",2026-01,16.01.2026,48.38,EUR
11d12012-4693-4642-a35d-f2588ab01479,"LEGO, Fairground Collection",2026-02,14.02.2026,48.95,EUR
11d12012-4693-4642-a35d-f2588ab01479,"LEGO, Fairground Collection",2026-03,24.03.2026,48.95,EUR
11d12012-4693-4642-a35d-f2588ab01479,"LEGO, Fairground Collection",2026-04,24.04.2026,45.17,EUR
11d12012-4693-4642-a35d-f2588ab01479,"LEGO, Fairground Collection",2026-05,07.05.2026,45.17,EUR
11d12012-4693-4642-a35d-f2588ab01479,"LEGO, Fairground Collection",2026-06,17.06.2026,44.55,EUR
11d12012-4693-4642-a35d-f2588ab01479,"LEGO, Fairground Collection",2026-07,29.07.2026,44.55,EUR
11d12012-4693-4642-a35d-f2588ab01479,"LEGO, Fairground Collection",2026-08,04.08.2026,44.55,EUR
2711a4ca-2045-440c-81b2-9538a41be505,"LEGO, Medieval Bundle",2025-12,08.12.2025,56.27,EUR
2711a4ca-2045-440c-81b2-9538a41be505,"LEGO, Medieval Bundle",2026-01,16.01.2026,56.30,EUR
2711a4ca-2045-440c-81b2-9538a41be505,"LEGO, Medieval Bundle",2026-02,14.02.2026,56.95,EUR
2711a4ca-2045-440c-81b2-9538a41be505,"LEGO, Medieval Bundle",2026-03,24.03.2026,56.95,EUR
2711a4ca-2045-440c-81b2-9538a41be505,"LEGO, Medieval Bundle",2026-04,24.04.2026,55.64,EUR
2711a4ca-2045-440c-81b2-9538a41be505,"LEGO, Medieval Bundle",2026-05,07.05.2026,55.64,EUR
2711a4ca-2045-440c-81b2-9538a41be505,"LEGO, Medieval Bundle",2026-06,17.06.2026,54.00,EUR
2711a4ca-2045-440c-81b2-9538a41be505,"LEGO, Medieval Bundle",2026-07,29.07.2026,54.00,EUR
2711a4ca-2045-440c-81b2-9538a41be505,"LEGO, Medieval Bundle",2026-08,04.08.2026,54.00,EUR
73aecc99-d6ab-4596-ad49-098530ad3b82,"LEGO, Ninjago Bundle (70 boxes)",2025-12,08.12.2025,56.06,EUR
73aecc99-d6ab-4596-ad49-098530ad3b82,"LEGO, Ninjago Bundle (70 boxes)",2026-01,16.01.2026,56.08,EUR
73aecc99-d6ab-4596-ad49-098530ad3b82,"LEGO, Ninjago Bundle (70 boxes)",2026-02,14.02.2026,56.74,EUR
73aecc99-d6ab-4596-ad49-098530ad3b82,"LEGO, Ninjago Bundle (70 boxes)",2026-03,24.03.2026,56.74,EUR
73aecc99-d6ab-4596-ad49-098530ad3b82,"LEGO, Ninjago Bundle (70 boxes)",2026-04,24.04.2026,52.06,EUR
73aecc99-d6ab-4596-ad49-098530ad3b82,"LEGO, Ninjago Bundle (70 boxes)",2026-05,07.05.2026,52.06,EUR
73aecc99-d6ab-4596-ad49-098530ad3b82,"LEGO, Ninjago Bundle (70 boxes)",2026-06,17.06.2026,52.57,EUR
73aecc99-d6ab-4596-ad49-098530ad3b82,"LEGO, Ninjago Bundle (70 boxes)",2026-07,29.07.2026,52.57,EUR
73aecc99-d6ab-4596-ad49-098530ad3b82,"LEGO, Ninjago Bundle (70 boxes)",2026-08,04.08.2026,52.57,EUR
b8a049c6-7bc7-48e2-81fe-b2706a46fac6,"LEGO, Star Wars UCS Bundle, 25 sets each",2026-04,24.04.2026,63.60,EUR
b8a049c6-7bc7-48e2-81fe-b2706a46fac6,"LEGO, Star Wars UCS Bundle, 25 sets each",2026-05,07.05.2026,63.60,EUR
b8a049c6-7bc7-48e2-81fe-b2706a46fac6,"LEGO, Star Wars UCS Bundle, 25 sets each",2026-06,17.06.2026,67.79,EUR
b8a049c6-7bc7-48e2-81fe-b2706a46fac6,"LEGO, Star Wars UCS Bundle, 25 sets each",2026-07,29.07.2026,67.79,EUR
b8a049c6-7bc7-48e2-81fe-b2706a46fac6,"LEGO, Star Wars UCS Bundle, 25 sets each",2026-08,04.08.2026,67.79,EUR
1b856bba-a118-453e-bb65-ef97e15f3464,"Lego, Ultimative Star Wars Helmet Collection",2025-12,08.12.2025,63.79,EUR
1b856bba-a118-453e-bb65-ef97e15f3464,"Lego, Ultimative Star Wars Helmet Collection",2026-01,16.01.2026,65.33,EUR
1b856bba-a118-453e-bb65-ef97e15f3464,"Lego, Ultimative Star Wars Helmet Collection",2026-02,14.02.2026,66.41,EUR
1b856bba-a118-453e-bb65-ef97e15f3464,"Lego, Ultimative Star Wars Helmet Collection",2026-03,24.03.2026,66.40,EUR
1b856bba-a118-453e-bb65-ef97e15f3464,"Lego, Ultimative Star Wars Helmet Collection",2026-04,24.04.2026,61.43,EUR
1b856bba-a118-453e-bb65-ef97e15f3464,"Lego, Ultimative Star Wars Helmet Collection",2026-05,07.05.2026,61.43,EUR
1b856bba-a118-453e-bb65-ef97e15f3464,"Lego, Ultimative Star Wars Helmet Collection",2026-06,17.06.2026,57.47,EUR
1b856bba-a118-453e-bb65-ef97e15f3464,"Lego, Ultimative Star Wars Helmet Collection",2026-07,29.07.2026,57.47,EUR
1b856bba-a118-453e-bb65-ef97e15f3464,"Lego, Ultimative Star Wars Helmet Collection",2026-08,04.08.2026,57.47,EUR
074e1d64-8043-4002-8792-620ab7ae41d9,Lewis Hamilton 2024 Topps Dynasty F1 Auto Patch 1of1 Zipper Encased,2025-12,08.12.2025,56.23,EUR
074e1d64-8043-4002-8792-620ab7ae41d9,Lewis Hamilton 2024 Topps Dynasty F1 Auto Patch 1of1 Zipper Encased,2026-01,16.01.2026,57.13,EUR
074e1d64-8043-4002-8792-620ab7ae41d9,Lewis Hamilton 2024 Topps Dynasty F1 Auto Patch 1of1 Zipper Encased,2026-02,14.02.2026,59.50,EUR
074e1d64-8043-4002-8792-620ab7ae41d9,Lewis Hamilton 2024 Topps Dynasty F1 Auto Patch 1of1 Zipper Encased,2026-03,24.03.2026,60.81,EUR
074e1d64-8043-4002-8792-620ab7ae41d9,Lewis Hamilton 2024 Topps Dynasty F1 Auto Patch 1of1 Zipper Encased,2026-04,24.04.2026,66.91,EUR
074e1d64-8043-4002-8792-620ab7ae41d9,Lewis Hamilton 2024 Topps Dynasty F1 Auto Patch 1of1 Zipper Encased,2026-05,07.05.2026,66.91,EUR
074e1d64-8043-4002-8792-620ab7ae41d9,Lewis Hamilton 2024 Topps Dynasty F1 Auto Patch 1of1 Zipper Encased,2026-06,17.06.2026,66.91,EUR
074e1d64-8043-4002-8792-620ab7ae41d9,Lewis Hamilton 2024 Topps Dynasty F1 Auto Patch 1of1 Zipper Encased,2026-07,29.07.2026,66.91,EUR
074e1d64-8043-4002-8792-620ab7ae41d9,Lewis Hamilton 2024 Topps Dynasty F1 Auto Patch 1of1 Zipper Encased,2026-08,04.08.2026,66.91,EUR
5c107acb-042c-4b17-bbcf-20232f4c8d9c,Lionel Messi 2024 Topps Chrome MLS Superfractor 1of1 PSA 9,2026-07,29.07.2026,50.00,EUR
5c107acb-042c-4b17-bbcf-20232f4c8d9c,Lionel Messi 2024 Topps Chrome MLS Superfractor 1of1 PSA 9,2026-08,04.08.2026,56.35,EUR
3dccf35d-7408-4cdd-8fc4-716dadc84696,Louis Vuitton Supreme Skateboard Trunk (1-of-10),2025-12,08.12.2025,57.30,EUR
3dccf35d-7408-4cdd-8fc4-716dadc84696,Louis Vuitton Supreme Skateboard Trunk (1-of-10),2026-01,16.01.2026,57.30,EUR
3dccf35d-7408-4cdd-8fc4-716dadc84696,Louis Vuitton Supreme Skateboard Trunk (1-of-10),2026-02,14.02.2026,57.30,EUR
3dccf35d-7408-4cdd-8fc4-716dadc84696,Louis Vuitton Supreme Skateboard Trunk (1-of-10),2026-03,24.03.2026,57.30,EUR
3dccf35d-7408-4cdd-8fc4-716dadc84696,Louis Vuitton Supreme Skateboard Trunk (1-of-10),2026-04,24.04.2026,57.30,EUR
3dccf35d-7408-4cdd-8fc4-716dadc84696,Louis Vuitton Supreme Skateboard Trunk (1-of-10),2026-05,07.05.2026,57.30,EUR
3dccf35d-7408-4cdd-8fc4-716dadc84696,Louis Vuitton Supreme Skateboard Trunk (1-of-10),2026-06,17.06.2026,57.30,EUR
3dccf35d-7408-4cdd-8fc4-716dadc84696,Louis Vuitton Supreme Skateboard Trunk (1-of-10),2026-07,29.07.2026,57.30,EUR
3dccf35d-7408-4cdd-8fc4-716dadc84696,Louis Vuitton Supreme Skateboard Trunk (1-of-10),2026-08,04.08.2026,57.30,EUR
326925af-ad63-4d20-87cf-303d06fa585b,Luka Dončić 2023 National Treasures Game Used Logoman Auto 1of1 BGS 9,2025-12,08.12.2025,51.82,EUR
326925af-ad63-4d20-87cf-303d06fa585b,Luka Dončić 2023 National Treasures Game Used Logoman Auto 1of1 BGS 9,2026-01,16.01.2026,52.83,EUR
326925af-ad63-4d20-87cf-303d06fa585b,Luka Dončić 2023 National Treasures Game Used Logoman Auto 1of1 BGS 9,2026-02,14.02.2026,53.14,EUR
326925af-ad63-4d20-87cf-303d06fa585b,Luka Dončić 2023 National Treasures Game Used Logoman Auto 1of1 BGS 9,2026-03,24.03.2026,52.98,EUR
326925af-ad63-4d20-87cf-303d06fa585b,Luka Dončić 2023 National Treasures Game Used Logoman Auto 1of1 BGS 9,2026-04,24.04.2026,53.02,EUR
326925af-ad63-4d20-87cf-303d06fa585b,Luka Dončić 2023 National Treasures Game Used Logoman Auto 1of1 BGS 9,2026-05,07.05.2026,53.02,EUR
326925af-ad63-4d20-87cf-303d06fa585b,Luka Dončić 2023 National Treasures Game Used Logoman Auto 1of1 BGS 9,2026-06,17.06.2026,57.57,EUR
326925af-ad63-4d20-87cf-303d06fa585b,Luka Dončić 2023 National Treasures Game Used Logoman Auto 1of1 BGS 9,2026-07,29.07.2026,62.82,EUR
326925af-ad63-4d20-87cf-303d06fa585b,Luka Dončić 2023 National Treasures Game Used Logoman Auto 1of1 BGS 9,2026-08,04.08.2026,62.82,EUR
d467a92e-3d34-40e2-8882-c853229aa727,Luka Dončić 2023 Prizm Logoman Auto 1of1 Encased,2026-02,14.02.2026,50.00,EUR
d467a92e-3d34-40e2-8882-c853229aa727,Luka Dončić 2023 Prizm Logoman Auto 1of1 Encased,2026-03,24.03.2026,50.17,EUR
d467a92e-3d34-40e2-8882-c853229aa727,Luka Dončić 2023 Prizm Logoman Auto 1of1 Encased,2026-04,24.04.2026,50.82,EUR
d467a92e-3d34-40e2-8882-c853229aa727,Luka Dončić 2023 Prizm Logoman Auto 1of1 Encased,2026-05,07.05.2026,50.82,EUR
d467a92e-3d34-40e2-8882-c853229aa727,Luka Dončić 2023 Prizm Logoman Auto 1of1 Encased,2026-06,17.06.2026,55.17,EUR
d467a92e-3d34-40e2-8882-c853229aa727,Luka Dončić 2023 Prizm Logoman Auto 1of1 Encased,2026-07,29.07.2026,60.21,EUR
d467a92e-3d34-40e2-8882-c853229aa727,Luka Dončić 2023 Prizm Logoman Auto 1of1 Encased,2026-08,04.08.2026,60.21,EUR
740c7090-15ac-4d86-9c32-444b3481e11e,"Mary Poppins, First Edition, signed by P.L. Travers, 1934",2025-12,08.12.2025,51.50,EUR
740c7090-15ac-4d86-9c32-444b3481e11e,"Mary Poppins, First Edition, signed by P.L. Travers, 1934",2026-01,16.01.2026,51.50,EUR
740c7090-15ac-4d86-9c32-444b3481e11e,"Mary Poppins, First Edition, signed by P.L. Travers, 1934",2026-02,14.02.2026,51.50,EUR
740c7090-15ac-4d86-9c32-444b3481e11e,"Mary Poppins, First Edition, signed by P.L. Travers, 1934",2026-03,24.03.2026,51.50,EUR
740c7090-15ac-4d86-9c32-444b3481e11e,"Mary Poppins, First Edition, signed by P.L. Travers, 1934",2026-04,24.04.2026,51.50,EUR
740c7090-15ac-4d86-9c32-444b3481e11e,"Mary Poppins, First Edition, signed by P.L. Travers, 1934",2026-05,07.05.2026,51.50,EUR
740c7090-15ac-4d86-9c32-444b3481e11e,"Mary Poppins, First Edition, signed by P.L. Travers, 1934",2026-06,17.06.2026,51.50,EUR
740c7090-15ac-4d86-9c32-444b3481e11e,"Mary Poppins, First Edition, signed by P.L. Travers, 1934",2026-07,29.07.2026,51.50,EUR
740c7090-15ac-4d86-9c32-444b3481e11e,"Mary Poppins, First Edition, signed by P.L. Travers, 1934",2026-08,04.08.2026,51.50,EUR
21f735b6-6060-4db4-9294-4c12b39df750,"Maurice Mboa, Transition Énergétique",2026-03,24.03.2026,50.00,EUR
21f735b6-6060-4db4-9294-4c12b39df750,"Maurice Mboa, Transition Énergétique",2026-04,24.04.2026,50.87,EUR
21f735b6-6060-4db4-9294-4c12b39df750,"Maurice Mboa, Transition Énergétique",2026-05,07.05.2026,50.87,EUR
21f735b6-6060-4db4-9294-4c12b39df750,"Maurice Mboa, Transition Énergétique",2026-06,17.06.2026,51.02,EUR
21f735b6-6060-4db4-9294-4c12b39df750,"Maurice Mboa, Transition Énergétique",2026-07,29.07.2026,51.09,EUR
21f735b6-6060-4db4-9294-4c12b39df750,"Maurice Mboa, Transition Énergétique",2026-08,04.08.2026,51.09,EUR
f8fdee45-ec64-4081-87ff-13679e757d88,"McLaren, MP4-12C, 2013",2026-01,16.01.2026,57.45,EUR
f8fdee45-ec64-4081-87ff-13679e757d88,"McLaren, MP4-12C, 2013",2026-02,14.02.2026,57.45,EUR
f8fdee45-ec64-4081-87ff-13679e757d88,"McLaren, MP4-12C, 2013",2026-03,24.03.2026,57.41,EUR
f8fdee45-ec64-4081-87ff-13679e757d88,"McLaren, MP4-12C, 2013",2026-04,24.04.2026,63.79,EUR
f8fdee45-ec64-4081-87ff-13679e757d88,"McLaren, MP4-12C, 2013",2026-05,07.05.2026,63.79,EUR
f8fdee45-ec64-4081-87ff-13679e757d88,"McLaren, MP4-12C, 2013",2026-06,17.06.2026,54.25,EUR
f8fdee45-ec64-4081-87ff-13679e757d88,"McLaren, MP4-12C, 2013",2026-07,29.07.2026,54.25,EUR
f8fdee45-ec64-4081-87ff-13679e757d88,"McLaren, MP4-12C, 2013",2026-08,04.08.2026,54.25,EUR
5d68c85d-b9b3-4d2e-bdda-49233cb8a086,Michael Jordan 2006 Exquisite Collection Base 23/225 Jersey Number PSA 5,2025-12,08.12.2025,55.22,EUR
5d68c85d-b9b3-4d2e-bdda-49233cb8a086,Michael Jordan 2006 Exquisite Collection Base 23/225 Jersey Number PSA 5,2026-01,16.01.2026,55.61,EUR
5d68c85d-b9b3-4d2e-bdda-49233cb8a086,Michael Jordan 2006 Exquisite Collection Base 23/225 Jersey Number PSA 5,2026-02,14.02.2026,56.19,EUR
5d68c85d-b9b3-4d2e-bdda-49233cb8a086,Michael Jordan 2006 Exquisite Collection Base 23/225 Jersey Number PSA 5,2026-03,24.03.2026,57.02,EUR
5d68c85d-b9b3-4d2e-bdda-49233cb8a086,Michael Jordan 2006 Exquisite Collection Base 23/225 Jersey Number PSA 5,2026-04,24.04.2026,57.68,EUR
5d68c85d-b9b3-4d2e-bdda-49233cb8a086,Michael Jordan 2006 Exquisite Collection Base 23/225 Jersey Number PSA 5,2026-05,07.05.2026,57.68,EUR
5d68c85d-b9b3-4d2e-bdda-49233cb8a086,Michael Jordan 2006 Exquisite Collection Base 23/225 Jersey Number PSA 5,2026-06,17.06.2026,62.62,EUR
5d68c85d-b9b3-4d2e-bdda-49233cb8a086,Michael Jordan 2006 Exquisite Collection Base 23/225 Jersey Number PSA 5,2026-07,29.07.2026,68.34,EUR
5d68c85d-b9b3-4d2e-bdda-49233cb8a086,Michael Jordan 2006 Exquisite Collection Base 23/225 Jersey Number PSA 5,2026-08,04.08.2026,68.34,EUR
6efc7dfb-9a13-4dcd-bb2d-7583d6cbb994,"Michael Jordan Autographed Nike Air Jordan 1 Retro High Off-White ""UNC"" Shoes",2025-12,08.12.2025,51.47,EUR
6efc7dfb-9a13-4dcd-bb2d-7583d6cbb994,"Michael Jordan Autographed Nike Air Jordan 1 Retro High Off-White ""UNC"" Shoes",2026-01,16.01.2026,51.47,EUR
6efc7dfb-9a13-4dcd-bb2d-7583d6cbb994,"Michael Jordan Autographed Nike Air Jordan 1 Retro High Off-White ""UNC"" Shoes",2026-02,14.02.2026,51.47,EUR
6efc7dfb-9a13-4dcd-bb2d-7583d6cbb994,"Michael Jordan Autographed Nike Air Jordan 1 Retro High Off-White ""UNC"" Shoes",2026-03,24.03.2026,51.47,EUR
6efc7dfb-9a13-4dcd-bb2d-7583d6cbb994,"Michael Jordan Autographed Nike Air Jordan 1 Retro High Off-White ""UNC"" Shoes",2026-04,24.04.2026,51.47,EUR
6efc7dfb-9a13-4dcd-bb2d-7583d6cbb994,"Michael Jordan Autographed Nike Air Jordan 1 Retro High Off-White ""UNC"" Shoes",2026-05,07.05.2026,51.47,EUR
6efc7dfb-9a13-4dcd-bb2d-7583d6cbb994,"Michael Jordan Autographed Nike Air Jordan 1 Retro High Off-White ""UNC"" Shoes",2026-06,17.06.2026,51.47,EUR
6efc7dfb-9a13-4dcd-bb2d-7583d6cbb994,"Michael Jordan Autographed Nike Air Jordan 1 Retro High Off-White ""UNC"" Shoes",2026-07,29.07.2026,51.47,EUR
6efc7dfb-9a13-4dcd-bb2d-7583d6cbb994,"Michael Jordan Autographed Nike Air Jordan 1 Retro High Off-White ""UNC"" Shoes",2026-08,04.08.2026,51.47,EUR
1f7f07b5-bf17-4ee8-a9c5-13f9f82d76b2,"Michael Schumacher - Race-Worn Set, 1995",2026-01,16.01.2026,50.00,EUR
1f7f07b5-bf17-4ee8-a9c5-13f9f82d76b2,"Michael Schumacher - Race-Worn Set, 1995",2026-02,14.02.2026,50.00,EUR
1f7f07b5-bf17-4ee8-a9c5-13f9f82d76b2,"Michael Schumacher - Race-Worn Set, 1995",2026-03,24.03.2026,50.00,EUR
1f7f07b5-bf17-4ee8-a9c5-13f9f82d76b2,"Michael Schumacher - Race-Worn Set, 1995",2026-04,24.04.2026,50.00,EUR
1f7f07b5-bf17-4ee8-a9c5-13f9f82d76b2,"Michael Schumacher - Race-Worn Set, 1995",2026-05,07.05.2026,50.00,EUR
1f7f07b5-bf17-4ee8-a9c5-13f9f82d76b2,"Michael Schumacher - Race-Worn Set, 1995",2026-06,17.06.2026,50.00,EUR
1f7f07b5-bf17-4ee8-a9c5-13f9f82d76b2,"Michael Schumacher - Race-Worn Set, 1995",2026-07,29.07.2026,50.00,EUR
1f7f07b5-bf17-4ee8-a9c5-13f9f82d76b2,"Michael Schumacher - Race-Worn Set, 1995",2026-08,04.08.2026,50.00,EUR
203a6e72-7221-4df0-9583-f1e8b8a13450,"Móyòsóré Martins, How I See It  (Triptych), 2023",2026-02,14.02.2026,59.86,EUR
203a6e72-7221-4df0-9583-f1e8b8a13450,"Móyòsóré Martins, How I See It  (Triptych), 2023",2026-03,24.03.2026,59.86,EUR
203a6e72-7221-4df0-9583-f1e8b8a13450,"Móyòsóré Martins, How I See It  (Triptych), 2023",2026-04,24.04.2026,59.86,EUR
203a6e72-7221-4df0-9583-f1e8b8a13450,"Móyòsóré Martins, How I See It  (Triptych), 2023",2026-05,07.05.2026,59.86,EUR
203a6e72-7221-4df0-9583-f1e8b8a13450,"Móyòsóré Martins, How I See It  (Triptych), 2023",2026-06,17.06.2026,60.03,EUR
203a6e72-7221-4df0-9583-f1e8b8a13450,"Móyòsóré Martins, How I See It  (Triptych), 2023",2026-07,29.07.2026,60.03,EUR
203a6e72-7221-4df0-9583-f1e8b8a13450,"Móyòsóré Martins, How I See It  (Triptych), 2023",2026-08,04.08.2026,60.03,EUR
e2bc0133-ffde-41f4-93a5-df858b0849b3,"Móyòsóré Martins, Portfolio I",2026-05,07.05.2026,65.22,EUR
e2bc0133-ffde-41f4-93a5-df858b0849b3,"Móyòsóré Martins, Portfolio I",2026-06,17.06.2026,65.22,EUR
e2bc0133-ffde-41f4-93a5-df858b0849b3,"Móyòsóré Martins, Portfolio I",2026-07,29.07.2026,59.72,EUR
e2bc0133-ffde-41f4-93a5-df858b0849b3,"Móyòsóré Martins, Portfolio I",2026-08,04.08.2026,59.72,EUR
87dd696a-488d-48cb-b6bc-87152ef0ed95,"Móyòsóré Martins, Pursuit of Grace II, 2024",2026-06,17.06.2026,50.60,EUR
87dd696a-488d-48cb-b6bc-87152ef0ed95,"Móyòsóré Martins, Pursuit of Grace II, 2024",2026-07,29.07.2026,50.67,EUR
87dd696a-488d-48cb-b6bc-87152ef0ed95,"Móyòsóré Martins, Pursuit of Grace II, 2024",2026-08,04.08.2026,50.67,EUR
262a2bf1-b4a0-49ef-8e70-709b43758d8d,Nike Air Jordan 1 OG 1985 Bred,2025-12,08.12.2025,53.38,EUR
262a2bf1-b4a0-49ef-8e70-709b43758d8d,Nike Air Jordan 1 OG 1985 Bred,2026-01,16.01.2026,53.38,EUR
262a2bf1-b4a0-49ef-8e70-709b43758d8d,Nike Air Jordan 1 OG 1985 Bred,2026-02,14.02.2026,53.38,EUR
262a2bf1-b4a0-49ef-8e70-709b43758d8d,Nike Air Jordan 1 OG 1985 Bred,2026-03,24.03.2026,53.38,EUR
262a2bf1-b4a0-49ef-8e70-709b43758d8d,Nike Air Jordan 1 OG 1985 Bred,2026-04,24.04.2026,53.38,EUR
262a2bf1-b4a0-49ef-8e70-709b43758d8d,Nike Air Jordan 1 OG 1985 Bred,2026-05,07.05.2026,53.38,EUR
262a2bf1-b4a0-49ef-8e70-709b43758d8d,Nike Air Jordan 1 OG 1985 Bred,2026-06,17.06.2026,53.38,EUR
262a2bf1-b4a0-49ef-8e70-709b43758d8d,Nike Air Jordan 1 OG 1985 Bred,2026-07,29.07.2026,53.38,EUR
262a2bf1-b4a0-49ef-8e70-709b43758d8d,Nike Air Jordan 1 OG 1985 Bred,2026-08,04.08.2026,53.38,EUR
4215353a-68ff-4718-b3d4-a717b6bf2eb8,Nike Dunk Low ‘Virgil Abloh x Futura’ Syracuse (1 of 1),2026-04,24.04.2026,49.97,EUR
4215353a-68ff-4718-b3d4-a717b6bf2eb8,Nike Dunk Low ‘Virgil Abloh x Futura’ Syracuse (1 of 1),2026-05,07.05.2026,49.97,EUR
4215353a-68ff-4718-b3d4-a717b6bf2eb8,Nike Dunk Low ‘Virgil Abloh x Futura’ Syracuse (1 of 1),2026-06,17.06.2026,49.97,EUR
4215353a-68ff-4718-b3d4-a717b6bf2eb8,Nike Dunk Low ‘Virgil Abloh x Futura’ Syracuse (1 of 1),2026-07,29.07.2026,49.97,EUR
4215353a-68ff-4718-b3d4-a717b6bf2eb8,Nike Dunk Low ‘Virgil Abloh x Futura’ Syracuse (1 of 1),2026-08,04.08.2026,49.97,EUR
44f22708-e03f-4635-bf03-4fe701fe08a1,Nike Dunk Low ‘Virgil Abloh x Futura’ UNC (1 of 8),2026-07,29.07.2026,50.96,EUR
44f22708-e03f-4635-bf03-4fe701fe08a1,Nike Dunk Low ‘Virgil Abloh x Futura’ UNC (1 of 8),2026-08,04.08.2026,50.96,EUR
e2bd069b-dd06-4000-bcb5-310d15ba2deb,Nike SB Dunk High FLOM (1-of-24) by Futura,2025-12,08.12.2025,50.92,EUR
e2bd069b-dd06-4000-bcb5-310d15ba2deb,Nike SB Dunk High FLOM (1-of-24) by Futura,2026-01,16.01.2026,50.92,EUR
e2bd069b-dd06-4000-bcb5-310d15ba2deb,Nike SB Dunk High FLOM (1-of-24) by Futura,2026-02,14.02.2026,50.92,EUR
e2bd069b-dd06-4000-bcb5-310d15ba2deb,Nike SB Dunk High FLOM (1-of-24) by Futura,2026-03,24.03.2026,50.92,EUR
e2bd069b-dd06-4000-bcb5-310d15ba2deb,Nike SB Dunk High FLOM (1-of-24) by Futura,2026-04,24.04.2026,50.92,EUR
e2bd069b-dd06-4000-bcb5-310d15ba2deb,Nike SB Dunk High FLOM (1-of-24) by Futura,2026-05,07.05.2026,50.92,EUR
e2bd069b-dd06-4000-bcb5-310d15ba2deb,Nike SB Dunk High FLOM (1-of-24) by Futura,2026-06,17.06.2026,50.92,EUR
e2bd069b-dd06-4000-bcb5-310d15ba2deb,Nike SB Dunk High FLOM (1-of-24) by Futura,2026-07,29.07.2026,50.92,EUR
e2bd069b-dd06-4000-bcb5-310d15ba2deb,Nike SB Dunk High FLOM (1-of-24) by Futura,2026-08,04.08.2026,50.92,EUR
29b0be5b-307f-48e4-bf8d-d4798f1def52,Nike SB Dunk High Iron Maiden (1-of-24),2026-07,29.07.2026,50.62,EUR
29b0be5b-307f-48e4-bf8d-d4798f1def52,Nike SB Dunk High Iron Maiden (1-of-24),2026-08,04.08.2026,50.62,EUR
d3c5575e-ad77-40c9-a894-a3cfb67b20c4,"Nike SB Dunk Low ""What The Dunk"" including Booklet",2025-12,08.12.2025,52.95,EUR
d3c5575e-ad77-40c9-a894-a3cfb67b20c4,"Nike SB Dunk Low ""What The Dunk"" including Booklet",2026-01,16.01.2026,52.95,EUR
d3c5575e-ad77-40c9-a894-a3cfb67b20c4,"Nike SB Dunk Low ""What The Dunk"" including Booklet",2026-02,14.02.2026,52.95,EUR
d3c5575e-ad77-40c9-a894-a3cfb67b20c4,"Nike SB Dunk Low ""What The Dunk"" including Booklet",2026-03,24.03.2026,52.95,EUR
d3c5575e-ad77-40c9-a894-a3cfb67b20c4,"Nike SB Dunk Low ""What The Dunk"" including Booklet",2026-04,24.04.2026,52.95,EUR
d3c5575e-ad77-40c9-a894-a3cfb67b20c4,"Nike SB Dunk Low ""What The Dunk"" including Booklet",2026-05,07.05.2026,52.95,EUR
d3c5575e-ad77-40c9-a894-a3cfb67b20c4,"Nike SB Dunk Low ""What The Dunk"" including Booklet",2026-06,17.06.2026,52.95,EUR
d3c5575e-ad77-40c9-a894-a3cfb67b20c4,"Nike SB Dunk Low ""What The Dunk"" including Booklet",2026-07,29.07.2026,52.95,EUR
d3c5575e-ad77-40c9-a894-a3cfb67b20c4,"Nike SB Dunk Low ""What The Dunk"" including Booklet",2026-08,04.08.2026,52.95,EUR
5fbfddaf-6a7a-4631-bb3f-c0c65233b052,Nike SB Dunk Low White Lobster F&F (US 9),2026-02,14.02.2026,53.33,EUR
5fbfddaf-6a7a-4631-bb3f-c0c65233b052,Nike SB Dunk Low White Lobster F&F (US 9),2026-03,24.03.2026,55.00,EUR
5fbfddaf-6a7a-4631-bb3f-c0c65233b052,Nike SB Dunk Low White Lobster F&F (US 9),2026-04,24.04.2026,55.00,EUR
5fbfddaf-6a7a-4631-bb3f-c0c65233b052,Nike SB Dunk Low White Lobster F&F (US 9),2026-05,07.05.2026,55.00,EUR
5fbfddaf-6a7a-4631-bb3f-c0c65233b052,Nike SB Dunk Low White Lobster F&F (US 9),2026-06,17.06.2026,55.00,EUR
5fbfddaf-6a7a-4631-bb3f-c0c65233b052,Nike SB Dunk Low White Lobster F&F (US 9),2026-07,29.07.2026,55.00,EUR
5fbfddaf-6a7a-4631-bb3f-c0c65233b052,Nike SB Dunk Low White Lobster F&F (US 9),2026-08,04.08.2026,55.00,EUR
22078aa5-73f2-45ee-9b3b-56f0b8d6a606,"Nike x Louis Vuitton Air Force 1 „Green"" Friends & Family (1-of-30)",2026-06,17.06.2026,52.39,EUR
22078aa5-73f2-45ee-9b3b-56f0b8d6a606,"Nike x Louis Vuitton Air Force 1 „Green"" Friends & Family (1-of-30)",2026-07,29.07.2026,52.39,EUR
22078aa5-73f2-45ee-9b3b-56f0b8d6a606,"Nike x Louis Vuitton Air Force 1 „Green"" Friends & Family (1-of-30)",2026-08,04.08.2026,52.39,EUR
25d68008-2bda-49a0-9afa-26afa2ca1b7b,"Nike x Louis Vuitton Air Force 1 „Light Blue"" Friends & Family (1-of-20)",2026-04,24.04.2026,50.35,EUR
25d68008-2bda-49a0-9afa-26afa2ca1b7b,"Nike x Louis Vuitton Air Force 1 „Light Blue"" Friends & Family (1-of-20)",2026-05,07.05.2026,50.35,EUR
25d68008-2bda-49a0-9afa-26afa2ca1b7b,"Nike x Louis Vuitton Air Force 1 „Light Blue"" Friends & Family (1-of-20)",2026-06,17.06.2026,50.35,EUR
25d68008-2bda-49a0-9afa-26afa2ca1b7b,"Nike x Louis Vuitton Air Force 1 „Light Blue"" Friends & Family (1-of-20)",2026-07,29.07.2026,50.35,EUR
25d68008-2bda-49a0-9afa-26afa2ca1b7b,"Nike x Louis Vuitton Air Force 1 „Light Blue"" Friends & Family (1-of-20)",2026-08,04.08.2026,50.35,EUR
9db6e785-f001-4512-88c2-535d9d7646aa,"Nike x Louis Vuitton Air Force 1 „Orange"" Friends & Family (1-of-20)",2025-12,08.12.2025,50.71,EUR
9db6e785-f001-4512-88c2-535d9d7646aa,"Nike x Louis Vuitton Air Force 1 „Orange"" Friends & Family (1-of-20)",2026-01,16.01.2026,50.71,EUR
9db6e785-f001-4512-88c2-535d9d7646aa,"Nike x Louis Vuitton Air Force 1 „Orange"" Friends & Family (1-of-20)",2026-02,14.02.2026,50.71,EUR
9db6e785-f001-4512-88c2-535d9d7646aa,"Nike x Louis Vuitton Air Force 1 „Orange"" Friends & Family (1-of-20)",2026-03,24.03.2026,50.71,EUR
9db6e785-f001-4512-88c2-535d9d7646aa,"Nike x Louis Vuitton Air Force 1 „Orange"" Friends & Family (1-of-20)",2026-04,24.04.2026,50.71,EUR
9db6e785-f001-4512-88c2-535d9d7646aa,"Nike x Louis Vuitton Air Force 1 „Orange"" Friends & Family (1-of-20)",2026-05,07.05.2026,50.71,EUR
9db6e785-f001-4512-88c2-535d9d7646aa,"Nike x Louis Vuitton Air Force 1 „Orange"" Friends & Family (1-of-20)",2026-06,17.06.2026,50.71,EUR
9db6e785-f001-4512-88c2-535d9d7646aa,"Nike x Louis Vuitton Air Force 1 „Orange"" Friends & Family (1-of-20)",2026-07,29.07.2026,50.71,EUR
9db6e785-f001-4512-88c2-535d9d7646aa,"Nike x Louis Vuitton Air Force 1 „Orange"" Friends & Family (1-of-20)",2026-08,04.08.2026,50.71,EUR
5b225d20-07fa-4e91-8f7d-9f529a2c83f3,"Nike x Louis Vuitton Air Force 1 „Red"" Friends & Family (1-of-20)",2025-12,08.12.2025,50.72,EUR
5b225d20-07fa-4e91-8f7d-9f529a2c83f3,"Nike x Louis Vuitton Air Force 1 „Red"" Friends & Family (1-of-20)",2026-01,16.01.2026,50.72,EUR
5b225d20-07fa-4e91-8f7d-9f529a2c83f3,"Nike x Louis Vuitton Air Force 1 „Red"" Friends & Family (1-of-20)",2026-02,14.02.2026,50.72,EUR
5b225d20-07fa-4e91-8f7d-9f529a2c83f3,"Nike x Louis Vuitton Air Force 1 „Red"" Friends & Family (1-of-20)",2026-03,24.03.2026,50.72,EUR
5b225d20-07fa-4e91-8f7d-9f529a2c83f3,"Nike x Louis Vuitton Air Force 1 „Red"" Friends & Family (1-of-20)",2026-04,24.04.2026,50.72,EUR
5b225d20-07fa-4e91-8f7d-9f529a2c83f3,"Nike x Louis Vuitton Air Force 1 „Red"" Friends & Family (1-of-20)",2026-05,07.05.2026,50.72,EUR
5b225d20-07fa-4e91-8f7d-9f529a2c83f3,"Nike x Louis Vuitton Air Force 1 „Red"" Friends & Family (1-of-20)",2026-06,17.06.2026,50.72,EUR
5b225d20-07fa-4e91-8f7d-9f529a2c83f3,"Nike x Louis Vuitton Air Force 1 „Red"" Friends & Family (1-of-20)",2026-07,29.07.2026,50.72,EUR
5b225d20-07fa-4e91-8f7d-9f529a2c83f3,"Nike x Louis Vuitton Air Force 1 „Red"" Friends & Family (1-of-20)",2026-08,04.08.2026,50.72,EUR
b8d983d5-7292-4d13-b2ea-89e881c5d1fb,"Nike, Air Jordan 4 Travis Scott Purple F&F",2025-12,08.12.2025,53.68,EUR
b8d983d5-7292-4d13-b2ea-89e881c5d1fb,"Nike, Air Jordan 4 Travis Scott Purple F&F",2026-01,16.01.2026,53.06,EUR
b8d983d5-7292-4d13-b2ea-89e881c5d1fb,"Nike, Air Jordan 4 Travis Scott Purple F&F",2026-02,14.02.2026,53.06,EUR
b8d983d5-7292-4d13-b2ea-89e881c5d1fb,"Nike, Air Jordan 4 Travis Scott Purple F&F",2026-03,24.03.2026,53.06,EUR
b8d983d5-7292-4d13-b2ea-89e881c5d1fb,"Nike, Air Jordan 4 Travis Scott Purple F&F",2026-04,24.04.2026,53.06,EUR
b8d983d5-7292-4d13-b2ea-89e881c5d1fb,"Nike, Air Jordan 4 Travis Scott Purple F&F",2026-05,07.05.2026,53.06,EUR
b8d983d5-7292-4d13-b2ea-89e881c5d1fb,"Nike, Air Jordan 4 Travis Scott Purple F&F",2026-06,17.06.2026,53.06,EUR
b8d983d5-7292-4d13-b2ea-89e881c5d1fb,"Nike, Air Jordan 4 Travis Scott Purple F&F",2026-07,29.07.2026,53.06,EUR
b8d983d5-7292-4d13-b2ea-89e881c5d1fb,"Nike, Air Jordan 4 Travis Scott Purple F&F",2026-08,04.08.2026,53.06,EUR
e97e2085-c668-4d1d-8bd5-f4bf80c35128,"Nike, Air Jordan 8 Kobe PE",2025-12,08.12.2025,59.09,EUR
e97e2085-c668-4d1d-8bd5-f4bf80c35128,"Nike, Air Jordan 8 Kobe PE",2026-01,16.01.2026,59.09,EUR
e97e2085-c668-4d1d-8bd5-f4bf80c35128,"Nike, Air Jordan 8 Kobe PE",2026-02,14.02.2026,59.09,EUR
e97e2085-c668-4d1d-8bd5-f4bf80c35128,"Nike, Air Jordan 8 Kobe PE",2026-03,24.03.2026,59.09,EUR
e97e2085-c668-4d1d-8bd5-f4bf80c35128,"Nike, Air Jordan 8 Kobe PE",2026-04,24.04.2026,59.09,EUR
e97e2085-c668-4d1d-8bd5-f4bf80c35128,"Nike, Air Jordan 8 Kobe PE",2026-05,07.05.2026,59.09,EUR
e97e2085-c668-4d1d-8bd5-f4bf80c35128,"Nike, Air Jordan 8 Kobe PE",2026-06,17.06.2026,59.09,EUR
e97e2085-c668-4d1d-8bd5-f4bf80c35128,"Nike, Air Jordan 8 Kobe PE",2026-07,29.07.2026,59.09,EUR
e97e2085-c668-4d1d-8bd5-f4bf80c35128,"Nike, Air Jordan 8 Kobe PE",2026-08,04.08.2026,59.09,EUR
5a969f81-932b-4ec0-8e6f-69c39eea88f2,"Nike, SB Dunk Low City Pack",2025-12,08.12.2025,55.23,EUR
5a969f81-932b-4ec0-8e6f-69c39eea88f2,"Nike, SB Dunk Low City Pack",2026-01,16.01.2026,54.65,EUR
5a969f81-932b-4ec0-8e6f-69c39eea88f2,"Nike, SB Dunk Low City Pack",2026-02,14.02.2026,54.65,EUR
5a969f81-932b-4ec0-8e6f-69c39eea88f2,"Nike, SB Dunk Low City Pack",2026-03,24.03.2026,54.65,EUR
5a969f81-932b-4ec0-8e6f-69c39eea88f2,"Nike, SB Dunk Low City Pack",2026-04,24.04.2026,54.65,EUR
5a969f81-932b-4ec0-8e6f-69c39eea88f2,"Nike, SB Dunk Low City Pack",2026-05,07.05.2026,54.65,EUR
5a969f81-932b-4ec0-8e6f-69c39eea88f2,"Nike, SB Dunk Low City Pack",2026-06,17.06.2026,54.65,EUR
5a969f81-932b-4ec0-8e6f-69c39eea88f2,"Nike, SB Dunk Low City Pack",2026-07,29.07.2026,54.65,EUR
5a969f81-932b-4ec0-8e6f-69c39eea88f2,"Nike, SB Dunk Low City Pack",2026-08,04.08.2026,54.65,EUR
85fd3cc1-c363-4a3a-bf43-0f255477138c,"Nike, SB Dunk Low Pigeon, 2005",2025-12,08.12.2025,55.64,EUR
85fd3cc1-c363-4a3a-bf43-0f255477138c,"Nike, SB Dunk Low Pigeon, 2005",2026-01,16.01.2026,55.13,EUR
85fd3cc1-c363-4a3a-bf43-0f255477138c,"Nike, SB Dunk Low Pigeon, 2005",2026-02,14.02.2026,55.13,EUR
85fd3cc1-c363-4a3a-bf43-0f255477138c,"Nike, SB Dunk Low Pigeon, 2005",2026-03,24.03.2026,55.13,EUR
85fd3cc1-c363-4a3a-bf43-0f255477138c,"Nike, SB Dunk Low Pigeon, 2005",2026-04,24.04.2026,55.13,EUR
85fd3cc1-c363-4a3a-bf43-0f255477138c,"Nike, SB Dunk Low Pigeon, 2005",2026-05,07.05.2026,55.13,EUR
85fd3cc1-c363-4a3a-bf43-0f255477138c,"Nike, SB Dunk Low Pigeon, 2005",2026-06,17.06.2026,55.13,EUR
85fd3cc1-c363-4a3a-bf43-0f255477138c,"Nike, SB Dunk Low Pigeon, 2005",2026-07,29.07.2026,55.13,EUR
85fd3cc1-c363-4a3a-bf43-0f255477138c,"Nike, SB Dunk Low Pigeon, 2005",2026-08,04.08.2026,55.13,EUR
dbdf2243-c2ec-4e37-8dee-d36cb2e503a3,"Omega, Speedmaster Moonwatch “Snoopy”",2026-03,24.03.2026,43.81,EUR
dbdf2243-c2ec-4e37-8dee-d36cb2e503a3,"Omega, Speedmaster Moonwatch “Snoopy”",2026-04,24.04.2026,44.93,EUR
dbdf2243-c2ec-4e37-8dee-d36cb2e503a3,"Omega, Speedmaster Moonwatch “Snoopy”",2026-05,07.05.2026,44.93,EUR
dbdf2243-c2ec-4e37-8dee-d36cb2e503a3,"Omega, Speedmaster Moonwatch “Snoopy”",2026-06,17.06.2026,44.97,EUR
dbdf2243-c2ec-4e37-8dee-d36cb2e503a3,"Omega, Speedmaster Moonwatch “Snoopy”",2026-07,29.07.2026,44.64,EUR
dbdf2243-c2ec-4e37-8dee-d36cb2e503a3,"Omega, Speedmaster Moonwatch “Snoopy”",2026-08,04.08.2026,44.64,EUR
9dc2efa3-775c-49de-aaa1-62b48f6e722c,"Pablo Picasso, The Painter II, 1970",2025-12,08.12.2025,52.90,EUR
9dc2efa3-775c-49de-aaa1-62b48f6e722c,"Pablo Picasso, The Painter II, 1970",2026-01,16.01.2026,52.90,EUR
9dc2efa3-775c-49de-aaa1-62b48f6e722c,"Pablo Picasso, The Painter II, 1970",2026-02,14.02.2026,52.90,EUR
9dc2efa3-775c-49de-aaa1-62b48f6e722c,"Pablo Picasso, The Painter II, 1970",2026-03,24.03.2026,52.90,EUR
9dc2efa3-775c-49de-aaa1-62b48f6e722c,"Pablo Picasso, The Painter II, 1970",2026-04,24.04.2026,52.90,EUR
9dc2efa3-775c-49de-aaa1-62b48f6e722c,"Pablo Picasso, The Painter II, 1970",2026-05,07.05.2026,52.90,EUR
9dc2efa3-775c-49de-aaa1-62b48f6e722c,"Pablo Picasso, The Painter II, 1970",2026-06,17.06.2026,52.90,EUR
9dc2efa3-775c-49de-aaa1-62b48f6e722c,"Pablo Picasso, The Painter II, 1970",2026-07,29.07.2026,52.90,EUR
9dc2efa3-775c-49de-aaa1-62b48f6e722c,"Pablo Picasso, The Painter II, 1970",2026-08,04.08.2026,52.90,EUR
11e084d7-164f-4501-91f1-e1a9b3372c5c,Patek Philippe - Aquanaut - Reference 5167R-001,2025-12,08.12.2025,45.87,EUR
11e084d7-164f-4501-91f1-e1a9b3372c5c,Patek Philippe - Aquanaut - Reference 5167R-001,2026-01,16.01.2026,46.09,EUR
11e084d7-164f-4501-91f1-e1a9b3372c5c,Patek Philippe - Aquanaut - Reference 5167R-001,2026-02,14.02.2026,49.05,EUR
11e084d7-164f-4501-91f1-e1a9b3372c5c,Patek Philippe - Aquanaut - Reference 5167R-001,2026-03,24.03.2026,51.02,EUR
11e084d7-164f-4501-91f1-e1a9b3372c5c,Patek Philippe - Aquanaut - Reference 5167R-001,2026-04,24.04.2026,52.54,EUR
11e084d7-164f-4501-91f1-e1a9b3372c5c,Patek Philippe - Aquanaut - Reference 5167R-001,2026-05,07.05.2026,52.54,EUR
11e084d7-164f-4501-91f1-e1a9b3372c5c,Patek Philippe - Aquanaut - Reference 5167R-001,2026-06,17.06.2026,53.18,EUR
11e084d7-164f-4501-91f1-e1a9b3372c5c,Patek Philippe - Aquanaut - Reference 5167R-001,2026-07,29.07.2026,53.39,EUR
11e084d7-164f-4501-91f1-e1a9b3372c5c,Patek Philippe - Aquanaut - Reference 5167R-001,2026-08,04.08.2026,53.39,EUR
55e6dd03-5359-4ed9-b1b9-72693ae094bd,"Patek Philippe, Nautilus Travel Time Chronograph",2025-12,08.12.2025,43.97,EUR
55e6dd03-5359-4ed9-b1b9-72693ae094bd,"Patek Philippe, Nautilus Travel Time Chronograph",2026-01,16.01.2026,44.12,EUR
55e6dd03-5359-4ed9-b1b9-72693ae094bd,"Patek Philippe, Nautilus Travel Time Chronograph",2026-02,14.02.2026,45.00,EUR
55e6dd03-5359-4ed9-b1b9-72693ae094bd,"Patek Philippe, Nautilus Travel Time Chronograph",2026-03,24.03.2026,45.19,EUR
55e6dd03-5359-4ed9-b1b9-72693ae094bd,"Patek Philippe, Nautilus Travel Time Chronograph",2026-04,24.04.2026,46.50,EUR
55e6dd03-5359-4ed9-b1b9-72693ae094bd,"Patek Philippe, Nautilus Travel Time Chronograph",2026-05,07.05.2026,46.50,EUR
55e6dd03-5359-4ed9-b1b9-72693ae094bd,"Patek Philippe, Nautilus Travel Time Chronograph",2026-06,17.06.2026,47.06,EUR
55e6dd03-5359-4ed9-b1b9-72693ae094bd,"Patek Philippe, Nautilus Travel Time Chronograph",2026-07,29.07.2026,47.24,EUR
55e6dd03-5359-4ed9-b1b9-72693ae094bd,"Patek Philippe, Nautilus Travel Time Chronograph",2026-08,04.08.2026,47.24,EUR
b7a01413-7405-4b74-a212-d4fd77331e1a,"Patek Philippe, Nautilus, 5711/1A-011",2026-03,24.03.2026,57.41,EUR
b7a01413-7405-4b74-a212-d4fd77331e1a,"Patek Philippe, Nautilus, 5711/1A-011",2026-04,24.04.2026,58.06,EUR
b7a01413-7405-4b74-a212-d4fd77331e1a,"Patek Philippe, Nautilus, 5711/1A-011",2026-05,07.05.2026,58.06,EUR
b7a01413-7405-4b74-a212-d4fd77331e1a,"Patek Philippe, Nautilus, 5711/1A-011",2026-06,17.06.2026,58.76,EUR
b7a01413-7405-4b74-a212-d4fd77331e1a,"Patek Philippe, Nautilus, 5711/1A-011",2026-07,29.07.2026,58.99,EUR
b7a01413-7405-4b74-a212-d4fd77331e1a,"Patek Philippe, Nautilus, 5711/1A-011",2026-08,04.08.2026,58.99,EUR
437960b4-2ca4-4a83-9325-bee17ffccba5,Peyton Manning 2006 Exquisite Game Used Rare Materials Signature 1of1 BGS 8.5 + 10 Auto,2025-12,08.12.2025,56.45,EUR
437960b4-2ca4-4a83-9325-bee17ffccba5,Peyton Manning 2006 Exquisite Game Used Rare Materials Signature 1of1 BGS 8.5 + 10 Auto,2026-01,16.01.2026,56.99,EUR
437960b4-2ca4-4a83-9325-bee17ffccba5,Peyton Manning 2006 Exquisite Game Used Rare Materials Signature 1of1 BGS 8.5 + 10 Auto,2026-02,14.02.2026,56.73,EUR
437960b4-2ca4-4a83-9325-bee17ffccba5,Peyton Manning 2006 Exquisite Game Used Rare Materials Signature 1of1 BGS 8.5 + 10 Auto,2026-03,24.03.2026,56.83,EUR
437960b4-2ca4-4a83-9325-bee17ffccba5,Peyton Manning 2006 Exquisite Game Used Rare Materials Signature 1of1 BGS 8.5 + 10 Auto,2026-04,24.04.2026,57.39,EUR
437960b4-2ca4-4a83-9325-bee17ffccba5,Peyton Manning 2006 Exquisite Game Used Rare Materials Signature 1of1 BGS 8.5 + 10 Auto,2026-05,07.05.2026,57.39,EUR
437960b4-2ca4-4a83-9325-bee17ffccba5,Peyton Manning 2006 Exquisite Game Used Rare Materials Signature 1of1 BGS 8.5 + 10 Auto,2026-06,17.06.2026,60.05,EUR
437960b4-2ca4-4a83-9325-bee17ffccba5,Peyton Manning 2006 Exquisite Game Used Rare Materials Signature 1of1 BGS 8.5 + 10 Auto,2026-07,29.07.2026,62.14,EUR
437960b4-2ca4-4a83-9325-bee17ffccba5,Peyton Manning 2006 Exquisite Game Used Rare Materials Signature 1of1 BGS 8.5 + 10 Auto,2026-08,04.08.2026,62.14,EUR
e10407fe-2c72-4490-a6df-a2fe786219ab,"Philip Tsiaras, Aqua Equus, 2023",2026-02,14.02.2026,59.05,EUR
e10407fe-2c72-4490-a6df-a2fe786219ab,"Philip Tsiaras, Aqua Equus, 2023",2026-03,24.03.2026,59.05,EUR
e10407fe-2c72-4490-a6df-a2fe786219ab,"Philip Tsiaras, Aqua Equus, 2023",2026-04,24.04.2026,68.12,EUR
e10407fe-2c72-4490-a6df-a2fe786219ab,"Philip Tsiaras, Aqua Equus, 2023",2026-05,07.05.2026,68.12,EUR
e10407fe-2c72-4490-a6df-a2fe786219ab,"Philip Tsiaras, Aqua Equus, 2023",2026-06,17.06.2026,68.31,EUR
e10407fe-2c72-4490-a6df-a2fe786219ab,"Philip Tsiaras, Aqua Equus, 2023",2026-07,29.07.2026,68.41,EUR
e10407fe-2c72-4490-a6df-a2fe786219ab,"Philip Tsiaras, Aqua Equus, 2023",2026-08,04.08.2026,68.41,EUR
e9f8bb6f-76ba-45e1-9cdb-f77ba1ccaaf7,"Pieter Obels, Chasing a Feeling, 2024",2025-12,08.12.2025,69.92,EUR
e9f8bb6f-76ba-45e1-9cdb-f77ba1ccaaf7,"Pieter Obels, Chasing a Feeling, 2024",2026-01,16.01.2026,69.92,EUR
e9f8bb6f-76ba-45e1-9cdb-f77ba1ccaaf7,"Pieter Obels, Chasing a Feeling, 2024",2026-02,14.02.2026,69.92,EUR
e9f8bb6f-76ba-45e1-9cdb-f77ba1ccaaf7,"Pieter Obels, Chasing a Feeling, 2024",2026-03,24.03.2026,69.92,EUR
e9f8bb6f-76ba-45e1-9cdb-f77ba1ccaaf7,"Pieter Obels, Chasing a Feeling, 2024",2026-04,24.04.2026,69.92,EUR
e9f8bb6f-76ba-45e1-9cdb-f77ba1ccaaf7,"Pieter Obels, Chasing a Feeling, 2024",2026-05,07.05.2026,69.92,EUR
e9f8bb6f-76ba-45e1-9cdb-f77ba1ccaaf7,"Pieter Obels, Chasing a Feeling, 2024",2026-06,17.06.2026,65.05,EUR
e9f8bb6f-76ba-45e1-9cdb-f77ba1ccaaf7,"Pieter Obels, Chasing a Feeling, 2024",2026-07,29.07.2026,65.05,EUR
cdf4de9a-7d20-4ae1-91f8-24bed347cbb5,"Pieter Obels, Go Whisper Softly, 2025",2026-01,16.01.2026,50.00,EUR
cdf4de9a-7d20-4ae1-91f8-24bed347cbb5,"Pieter Obels, Go Whisper Softly, 2025",2026-02,14.02.2026,55.72,EUR
cdf4de9a-7d20-4ae1-91f8-24bed347cbb5,"Pieter Obels, Go Whisper Softly, 2025",2026-03,24.03.2026,55.72,EUR
cdf4de9a-7d20-4ae1-91f8-24bed347cbb5,"Pieter Obels, Go Whisper Softly, 2025",2026-04,24.04.2026,61.45,EUR
cdf4de9a-7d20-4ae1-91f8-24bed347cbb5,"Pieter Obels, Go Whisper Softly, 2025",2026-05,07.05.2026,61.45,EUR
cdf4de9a-7d20-4ae1-91f8-24bed347cbb5,"Pieter Obels, Go Whisper Softly, 2025",2026-06,17.06.2026,62.68,EUR
cdf4de9a-7d20-4ae1-91f8-24bed347cbb5,"Pieter Obels, Go Whisper Softly, 2025",2026-07,29.07.2026,63.30,EUR
cdf4de9a-7d20-4ae1-91f8-24bed347cbb5,"Pieter Obels, Go Whisper Softly, 2025",2026-08,04.08.2026,63.30,EUR
ff19c3bd-93b4-4b9d-8b50-4e1a4b128850,Pokémon - 2 case fresh Fossil 1st Edition Booster Boxes,2026-02,14.02.2026,50.00,EUR
ff19c3bd-93b4-4b9d-8b50-4e1a4b128850,Pokémon - 2 case fresh Fossil 1st Edition Booster Boxes,2026-03,24.03.2026,51.22,EUR
ff19c3bd-93b4-4b9d-8b50-4e1a4b128850,Pokémon - 2 case fresh Fossil 1st Edition Booster Boxes,2026-04,24.04.2026,54.84,EUR
ff19c3bd-93b4-4b9d-8b50-4e1a4b128850,Pokémon - 2 case fresh Fossil 1st Edition Booster Boxes,2026-05,07.05.2026,54.84,EUR
ff19c3bd-93b4-4b9d-8b50-4e1a4b128850,Pokémon - 2 case fresh Fossil 1st Edition Booster Boxes,2026-06,17.06.2026,54.84,EUR
ff19c3bd-93b4-4b9d-8b50-4e1a4b128850,Pokémon - 2 case fresh Fossil 1st Edition Booster Boxes,2026-07,29.07.2026,59.04,EUR
ff19c3bd-93b4-4b9d-8b50-4e1a4b128850,Pokémon - 2 case fresh Fossil 1st Edition Booster Boxes,2026-08,04.08.2026,59.04,EUR
d6bc6f41-bec9-4b1d-b3d3-caca635482f2,Pokémon Japanese Neo 2 - Crossing the Ruins Booster Box - Part 2,2025-12,08.12.2025,50.00,EUR
d6bc6f41-bec9-4b1d-b3d3-caca635482f2,Pokémon Japanese Neo 2 - Crossing the Ruins Booster Box - Part 2,2026-01,16.01.2026,52.49,EUR
d6bc6f41-bec9-4b1d-b3d3-caca635482f2,Pokémon Japanese Neo 2 - Crossing the Ruins Booster Box - Part 2,2026-02,14.02.2026,53.11,EUR
d6bc6f41-bec9-4b1d-b3d3-caca635482f2,Pokémon Japanese Neo 2 - Crossing the Ruins Booster Box - Part 2,2026-03,24.03.2026,55.45,EUR
d6bc6f41-bec9-4b1d-b3d3-caca635482f2,Pokémon Japanese Neo 2 - Crossing the Ruins Booster Box - Part 2,2026-04,24.04.2026,59.01,EUR
d6bc6f41-bec9-4b1d-b3d3-caca635482f2,Pokémon Japanese Neo 2 - Crossing the Ruins Booster Box - Part 2,2026-05,07.05.2026,59.01,EUR
d6bc6f41-bec9-4b1d-b3d3-caca635482f2,Pokémon Japanese Neo 2 - Crossing the Ruins Booster Box - Part 2,2026-06,17.06.2026,65.42,EUR
d6bc6f41-bec9-4b1d-b3d3-caca635482f2,Pokémon Japanese Neo 2 - Crossing the Ruins Booster Box - Part 2,2026-07,29.07.2026,70.44,EUR
d6bc6f41-bec9-4b1d-b3d3-caca635482f2,Pokémon Japanese Neo 2 - Crossing the Ruins Booster Box - Part 2,2026-08,04.08.2026,70.44,EUR
036ce9d2-cfb6-4e04-80e6-440d59906806,"Pokémon XY ""Furious Fists"" (sealed case)",2025-12,08.12.2025,50.20,EUR
036ce9d2-cfb6-4e04-80e6-440d59906806,"Pokémon XY ""Furious Fists"" (sealed case)",2026-01,16.01.2026,52.35,EUR
036ce9d2-cfb6-4e04-80e6-440d59906806,"Pokémon XY ""Furious Fists"" (sealed case)",2026-02,14.02.2026,50.56,EUR
036ce9d2-cfb6-4e04-80e6-440d59906806,"Pokémon XY ""Furious Fists"" (sealed case)",2026-03,24.03.2026,49.54,EUR
036ce9d2-cfb6-4e04-80e6-440d59906806,"Pokémon XY ""Furious Fists"" (sealed case)",2026-04,24.04.2026,51.60,EUR
036ce9d2-cfb6-4e04-80e6-440d59906806,"Pokémon XY ""Furious Fists"" (sealed case)",2026-05,07.05.2026,51.60,EUR
036ce9d2-cfb6-4e04-80e6-440d59906806,"Pokémon XY ""Furious Fists"" (sealed case)",2026-06,17.06.2026,57.20,EUR
036ce9d2-cfb6-4e04-80e6-440d59906806,"Pokémon XY ""Furious Fists"" (sealed case)",2026-07,29.07.2026,61.58,EUR
036ce9d2-cfb6-4e04-80e6-440d59906806,"Pokémon XY ""Furious Fists"" (sealed case)",2026-08,04.08.2026,61.58,EUR
fc78cdd8-92fc-456b-ac2f-2b7794e25270,"Pokémon XY Base Set & Primal Clash (2 Cases, 6 Boosterboxes each)",2026-01,16.01.2026,53.03,EUR
fc78cdd8-92fc-456b-ac2f-2b7794e25270,"Pokémon XY Base Set & Primal Clash (2 Cases, 6 Boosterboxes each)",2026-02,14.02.2026,52.91,EUR
fc78cdd8-92fc-456b-ac2f-2b7794e25270,"Pokémon XY Base Set & Primal Clash (2 Cases, 6 Boosterboxes each)",2026-03,24.03.2026,52.91,EUR
fc78cdd8-92fc-456b-ac2f-2b7794e25270,"Pokémon XY Base Set & Primal Clash (2 Cases, 6 Boosterboxes each)",2026-04,24.04.2026,52.91,EUR
fc78cdd8-92fc-456b-ac2f-2b7794e25270,"Pokémon XY Base Set & Primal Clash (2 Cases, 6 Boosterboxes each)",2026-05,07.05.2026,52.91,EUR
fc78cdd8-92fc-456b-ac2f-2b7794e25270,"Pokémon XY Base Set & Primal Clash (2 Cases, 6 Boosterboxes each)",2026-06,17.06.2026,52.91,EUR
fc78cdd8-92fc-456b-ac2f-2b7794e25270,"Pokémon XY Base Set & Primal Clash (2 Cases, 6 Boosterboxes each)",2026-07,29.07.2026,56.97,EUR
fc78cdd8-92fc-456b-ac2f-2b7794e25270,"Pokémon XY Base Set & Primal Clash (2 Cases, 6 Boosterboxes each)",2026-08,04.08.2026,56.97,EUR
e1216634-8d46-4f5d-9aaa-f1fe91a727db,"Porsche 911, 930 SSC, 1986",2025-12,08.12.2025,56.84,EUR
e1216634-8d46-4f5d-9aaa-f1fe91a727db,"Porsche 911, 930 SSC, 1986",2026-01,16.01.2026,56.84,EUR
e1216634-8d46-4f5d-9aaa-f1fe91a727db,"Porsche 911, 930 SSC, 1986",2026-02,14.02.2026,56.84,EUR
e1216634-8d46-4f5d-9aaa-f1fe91a727db,"Porsche 911, 930 SSC, 1986",2026-03,24.03.2026,56.75,EUR
e1216634-8d46-4f5d-9aaa-f1fe91a727db,"Porsche 911, 930 SSC, 1986",2026-04,24.04.2026,56.76,EUR
e1216634-8d46-4f5d-9aaa-f1fe91a727db,"Porsche 911, 930 SSC, 1986",2026-05,07.05.2026,56.76,EUR
e1216634-8d46-4f5d-9aaa-f1fe91a727db,"Porsche 911, 930 SSC, 1986",2026-06,17.06.2026,52.17,EUR
e1216634-8d46-4f5d-9aaa-f1fe91a727db,"Porsche 911, 930 SSC, 1986",2026-07,29.07.2026,52.17,EUR
e1216634-8d46-4f5d-9aaa-f1fe91a727db,"Porsche 911, 930 SSC, 1986",2026-08,04.08.2026,52.17,EUR
f92d95cb-ca4a-43a7-a7d8-f3c5c7a566e8,"Raghav Babbar, A Lone Winter Night, 2024",2025-12,08.12.2025,61.85,EUR
f92d95cb-ca4a-43a7-a7d8-f3c5c7a566e8,"Raghav Babbar, A Lone Winter Night, 2024",2026-01,16.01.2026,61.85,EUR
f92d95cb-ca4a-43a7-a7d8-f3c5c7a566e8,"Raghav Babbar, A Lone Winter Night, 2024",2026-02,14.02.2026,61.85,EUR
f92d95cb-ca4a-43a7-a7d8-f3c5c7a566e8,"Raghav Babbar, A Lone Winter Night, 2024",2026-03,24.03.2026,61.85,EUR
f92d95cb-ca4a-43a7-a7d8-f3c5c7a566e8,"Raghav Babbar, A Lone Winter Night, 2024",2026-04,24.04.2026,61.85,EUR
f92d95cb-ca4a-43a7-a7d8-f3c5c7a566e8,"Raghav Babbar, A Lone Winter Night, 2024",2026-05,07.05.2026,61.85,EUR
f92d95cb-ca4a-43a7-a7d8-f3c5c7a566e8,"Raghav Babbar, A Lone Winter Night, 2024",2026-06,17.06.2026,62.02,EUR
f92d95cb-ca4a-43a7-a7d8-f3c5c7a566e8,"Raghav Babbar, A Lone Winter Night, 2024",2026-07,29.07.2026,62.11,EUR
f92d95cb-ca4a-43a7-a7d8-f3c5c7a566e8,"Raghav Babbar, A Lone Winter Night, 2024",2026-08,04.08.2026,62.11,EUR
ef1bee48-c50b-4bc1-b24b-1b4505524276,"Raghav Babbar, Flowers for Ceremony, 2023",2025-12,08.12.2025,72.28,EUR
ef1bee48-c50b-4bc1-b24b-1b4505524276,"Raghav Babbar, Flowers for Ceremony, 2023",2026-01,16.01.2026,72.28,EUR
ef1bee48-c50b-4bc1-b24b-1b4505524276,"Raghav Babbar, Flowers for Ceremony, 2023",2026-02,14.02.2026,72.28,EUR
ef1bee48-c50b-4bc1-b24b-1b4505524276,"Raghav Babbar, Flowers for Ceremony, 2023",2026-03,24.03.2026,72.28,EUR
ef1bee48-c50b-4bc1-b24b-1b4505524276,"Raghav Babbar, Flowers for Ceremony, 2023",2026-04,24.04.2026,72.28,EUR
ef1bee48-c50b-4bc1-b24b-1b4505524276,"Raghav Babbar, Flowers for Ceremony, 2023",2026-05,07.05.2026,72.28,EUR
ef1bee48-c50b-4bc1-b24b-1b4505524276,"Raghav Babbar, Flowers for Ceremony, 2023",2026-06,17.06.2026,70.85,EUR
ef1bee48-c50b-4bc1-b24b-1b4505524276,"Raghav Babbar, Flowers for Ceremony, 2023",2026-07,29.07.2026,70.85,EUR
ef1bee48-c50b-4bc1-b24b-1b4505524276,"Raghav Babbar, Flowers for Ceremony, 2023",2026-08,04.08.2026,70.85,EUR
f8a1662c-8a65-42d7-a46d-fabf286e0180,"Raghav Babbar, Mother and the Winter in North India, 2023",2025-12,08.12.2025,72.82,EUR
f8a1662c-8a65-42d7-a46d-fabf286e0180,"Raghav Babbar, Mother and the Winter in North India, 2023",2026-01,16.01.2026,72.82,EUR
f8a1662c-8a65-42d7-a46d-fabf286e0180,"Raghav Babbar, Mother and the Winter in North India, 2023",2026-02,14.02.2026,72.82,EUR
f8a1662c-8a65-42d7-a46d-fabf286e0180,"Raghav Babbar, Mother and the Winter in North India, 2023",2026-03,24.03.2026,72.82,EUR
f8a1662c-8a65-42d7-a46d-fabf286e0180,"Raghav Babbar, Mother and the Winter in North India, 2023",2026-04,24.04.2026,72.82,EUR
f8a1662c-8a65-42d7-a46d-fabf286e0180,"Raghav Babbar, Mother and the Winter in North India, 2023",2026-05,07.05.2026,72.82,EUR
f8a1662c-8a65-42d7-a46d-fabf286e0180,"Raghav Babbar, Mother and the Winter in North India, 2023",2026-06,17.06.2026,70.88,EUR
f8a1662c-8a65-42d7-a46d-fabf286e0180,"Raghav Babbar, Mother and the Winter in North India, 2023",2026-07,29.07.2026,70.88,EUR
f8a1662c-8a65-42d7-a46d-fabf286e0180,"Raghav Babbar, Mother and the Winter in North India, 2023",2026-08,04.08.2026,70.88,EUR
6ea266db-8054-452f-a64e-16c348495304,"Raghav Babbar, My Twin a Poser, 2021",2026-03,24.03.2026,57.69,EUR
6ea266db-8054-452f-a64e-16c348495304,"Raghav Babbar, My Twin a Poser, 2021",2026-04,24.04.2026,57.69,EUR
6ea266db-8054-452f-a64e-16c348495304,"Raghav Babbar, My Twin a Poser, 2021",2026-05,07.05.2026,57.69,EUR
6ea266db-8054-452f-a64e-16c348495304,"Raghav Babbar, My Twin a Poser, 2021",2026-06,17.06.2026,57.86,EUR
6ea266db-8054-452f-a64e-16c348495304,"Raghav Babbar, My Twin a Poser, 2021",2026-07,29.07.2026,57.94,EUR
6ea266db-8054-452f-a64e-16c348495304,"Raghav Babbar, My Twin a Poser, 2021",2026-08,04.08.2026,57.94,EUR
f7391f3b-30bc-401a-a433-74d13a39b89a,"Raghav Babbar, The Couple in Katong (Singapore), 2023",2026-02,14.02.2026,67.78,EUR
f7391f3b-30bc-401a-a433-74d13a39b89a,"Raghav Babbar, The Couple in Katong (Singapore), 2023",2026-03,24.03.2026,67.78,EUR
f7391f3b-30bc-401a-a433-74d13a39b89a,"Raghav Babbar, The Couple in Katong (Singapore), 2023",2026-04,24.04.2026,67.78,EUR
f7391f3b-30bc-401a-a433-74d13a39b89a,"Raghav Babbar, The Couple in Katong (Singapore), 2023",2026-05,07.05.2026,67.78,EUR
f7391f3b-30bc-401a-a433-74d13a39b89a,"Raghav Babbar, The Couple in Katong (Singapore), 2023",2026-06,17.06.2026,67.98,EUR
f7391f3b-30bc-401a-a433-74d13a39b89a,"Raghav Babbar, The Couple in Katong (Singapore), 2023",2026-07,29.07.2026,68.07,EUR
f7391f3b-30bc-401a-a433-74d13a39b89a,"Raghav Babbar, The Couple in Katong (Singapore), 2023",2026-08,04.08.2026,68.07,EUR
d400480d-b463-4161-aa49-8c9e26a687bb,Rimowa x Aimé Leon Dore suitcase (set of 4),2026-06,17.06.2026,55.96,EUR
d400480d-b463-4161-aa49-8c9e26a687bb,Rimowa x Aimé Leon Dore suitcase (set of 4),2026-07,29.07.2026,55.96,EUR
d400480d-b463-4161-aa49-8c9e26a687bb,Rimowa x Aimé Leon Dore suitcase (set of 4),2026-08,04.08.2026,55.96,EUR
a36fa6e2-6ea2-4904-bdb4-bd41b8b23f1b,"Robert Zehnder, Deep Tissue, 2021",2026-04,24.04.2026,53.19,EUR
a36fa6e2-6ea2-4904-bdb4-bd41b8b23f1b,"Robert Zehnder, Deep Tissue, 2021",2026-05,07.05.2026,53.19,EUR
a36fa6e2-6ea2-4904-bdb4-bd41b8b23f1b,"Robert Zehnder, Deep Tissue, 2021",2026-06,17.06.2026,53.34,EUR
a36fa6e2-6ea2-4904-bdb4-bd41b8b23f1b,"Robert Zehnder, Deep Tissue, 2021",2026-07,29.07.2026,53.42,EUR
a36fa6e2-6ea2-4904-bdb4-bd41b8b23f1b,"Robert Zehnder, Deep Tissue, 2021",2026-08,04.08.2026,53.42,EUR
10c13e82-c182-482e-838d-2e6331f63b0f,Rolex Datejust - 2021 - Reference 126300,2025-12,08.12.2025,41.03,EUR
10c13e82-c182-482e-838d-2e6331f63b0f,Rolex Datejust - 2021 - Reference 126300,2026-01,16.01.2026,40.64,EUR
10c13e82-c182-482e-838d-2e6331f63b0f,Rolex Datejust - 2021 - Reference 126300,2026-02,14.02.2026,41.67,EUR
10c13e82-c182-482e-838d-2e6331f63b0f,Rolex Datejust - 2021 - Reference 126300,2026-03,24.03.2026,41.58,EUR
10c13e82-c182-482e-838d-2e6331f63b0f,Rolex Datejust - 2021 - Reference 126300,2026-04,24.04.2026,41.74,EUR
10c13e82-c182-482e-838d-2e6331f63b0f,Rolex Datejust - 2021 - Reference 126300,2026-05,07.05.2026,41.74,EUR
10c13e82-c182-482e-838d-2e6331f63b0f,Rolex Datejust - 2021 - Reference 126300,2026-06,17.06.2026,41.80,EUR
10c13e82-c182-482e-838d-2e6331f63b0f,Rolex Datejust - 2021 - Reference 126300,2026-07,29.07.2026,41.72,EUR
10c13e82-c182-482e-838d-2e6331f63b0f,Rolex Datejust - 2021 - Reference 126300,2026-08,04.08.2026,41.72,EUR
0ee5ca21-9c1f-47d7-a031-14bf647ede71,"Rolex, Daytona, Ref. 6239 Vintage",2025-12,08.12.2025,48.43,EUR
0ee5ca21-9c1f-47d7-a031-14bf647ede71,"Rolex, Daytona, Ref. 6239 Vintage",2026-01,16.01.2026,47.96,EUR
0ee5ca21-9c1f-47d7-a031-14bf647ede71,"Rolex, Daytona, Ref. 6239 Vintage",2026-02,14.02.2026,47.37,EUR
0ee5ca21-9c1f-47d7-a031-14bf647ede71,"Rolex, Daytona, Ref. 6239 Vintage",2026-03,24.03.2026,46.68,EUR
0ee5ca21-9c1f-47d7-a031-14bf647ede71,"Rolex, Daytona, Ref. 6239 Vintage",2026-04,24.04.2026,43.40,EUR
0ee5ca21-9c1f-47d7-a031-14bf647ede71,"Rolex, Daytona, Ref. 6239 Vintage",2026-05,07.05.2026,43.40,EUR
0ee5ca21-9c1f-47d7-a031-14bf647ede71,"Rolex, Daytona, Ref. 6239 Vintage",2026-06,17.06.2026,43.68,EUR
0ee5ca21-9c1f-47d7-a031-14bf647ede71,"Rolex, Daytona, Ref. 6239 Vintage",2026-07,29.07.2026,43.66,EUR
0ee5ca21-9c1f-47d7-a031-14bf647ede71,"Rolex, Daytona, Ref. 6239 Vintage",2026-08,04.08.2026,43.66,EUR
24879b9d-d906-4cd3-8ec8-913c7e727bb7,"Rudolf Stingel, Untitled, 2009",2025-12,08.12.2025,54.75,EUR
24879b9d-d906-4cd3-8ec8-913c7e727bb7,"Rudolf Stingel, Untitled, 2009",2026-01,16.01.2026,54.75,EUR
24879b9d-d906-4cd3-8ec8-913c7e727bb7,"Rudolf Stingel, Untitled, 2009",2026-02,14.02.2026,54.75,EUR
24879b9d-d906-4cd3-8ec8-913c7e727bb7,"Rudolf Stingel, Untitled, 2009",2026-03,24.03.2026,54.75,EUR
24879b9d-d906-4cd3-8ec8-913c7e727bb7,"Rudolf Stingel, Untitled, 2009",2026-04,24.04.2026,54.75,EUR
24879b9d-d906-4cd3-8ec8-913c7e727bb7,"Rudolf Stingel, Untitled, 2009",2026-05,07.05.2026,54.75,EUR
24879b9d-d906-4cd3-8ec8-913c7e727bb7,"Rudolf Stingel, Untitled, 2009",2026-06,17.06.2026,54.91,EUR
24879b9d-d906-4cd3-8ec8-913c7e727bb7,"Rudolf Stingel, Untitled, 2009",2026-07,29.07.2026,54.91,EUR
24879b9d-d906-4cd3-8ec8-913c7e727bb7,"Rudolf Stingel, Untitled, 2009",2026-08,04.08.2026,54.91,EUR
d49828a9-d5d0-4427-bdc4-d45da3748109,"Sapphire, Blue, Oval, 9,15 Carat",2025-12,08.12.2025,70.38,EUR
d49828a9-d5d0-4427-bdc4-d45da3748109,"Sapphire, Blue, Oval, 9,15 Carat",2026-01,16.01.2026,70.38,EUR
d49828a9-d5d0-4427-bdc4-d45da3748109,"Sapphire, Blue, Oval, 9,15 Carat",2026-02,14.02.2026,70.38,EUR
d49828a9-d5d0-4427-bdc4-d45da3748109,"Sapphire, Blue, Oval, 9,15 Carat",2026-03,24.03.2026,72.57,EUR
d49828a9-d5d0-4427-bdc4-d45da3748109,"Sapphire, Blue, Oval, 9,15 Carat",2026-04,24.04.2026,74.75,EUR
d49828a9-d5d0-4427-bdc4-d45da3748109,"Sapphire, Blue, Oval, 9,15 Carat",2026-05,07.05.2026,74.75,EUR
d49828a9-d5d0-4427-bdc4-d45da3748109,"Sapphire, Blue, Oval, 9,15 Carat",2026-06,17.06.2026,74.75,EUR
d49828a9-d5d0-4427-bdc4-d45da3748109,"Sapphire, Blue, Oval, 9,15 Carat",2026-07,29.07.2026,74.75,EUR
d49828a9-d5d0-4427-bdc4-d45da3748109,"Sapphire, Blue, Oval, 9,15 Carat",2026-08,04.08.2026,74.75,EUR
d79e0664-f7a4-43d3-8d87-2845129e100a,Sealed Pokémon EX Crystal Guardians Booster Box,2025-12,08.12.2025,57.03,EUR
d79e0664-f7a4-43d3-8d87-2845129e100a,Sealed Pokémon EX Crystal Guardians Booster Box,2026-01,16.01.2026,59.59,EUR
d79e0664-f7a4-43d3-8d87-2845129e100a,Sealed Pokémon EX Crystal Guardians Booster Box,2026-02,14.02.2026,61.78,EUR
9521c06c-5f65-4bc2-bf6c-3e9353163e9c,"Sunlight to Bodega Bay, Winston Branch (2004)",2026-03,24.03.2026,50.00,EUR
9521c06c-5f65-4bc2-bf6c-3e9353163e9c,"Sunlight to Bodega Bay, Winston Branch (2004)",2026-04,24.04.2026,52.49,EUR
9521c06c-5f65-4bc2-bf6c-3e9353163e9c,"Sunlight to Bodega Bay, Winston Branch (2004)",2026-05,07.05.2026,52.49,EUR
9521c06c-5f65-4bc2-bf6c-3e9353163e9c,"Sunlight to Bodega Bay, Winston Branch (2004)",2026-06,17.06.2026,52.64,EUR
9521c06c-5f65-4bc2-bf6c-3e9353163e9c,"Sunlight to Bodega Bay, Winston Branch (2004)",2026-07,29.07.2026,52.72,EUR
9521c06c-5f65-4bc2-bf6c-3e9353163e9c,"Sunlight to Bodega Bay, Winston Branch (2004)",2026-08,04.08.2026,52.72,EUR
09e27fc7-08f1-47a7-8983-628294c23929,The Macallan – 50 und 55 YO,2025-12,08.12.2025,49.06,EUR
09e27fc7-08f1-47a7-8983-628294c23929,The Macallan – 50 und 55 YO,2026-01,16.01.2026,48.76,EUR
09e27fc7-08f1-47a7-8983-628294c23929,The Macallan – 50 und 55 YO,2026-02,14.02.2026,48.82,EUR
09e27fc7-08f1-47a7-8983-628294c23929,The Macallan – 50 und 55 YO,2026-03,24.03.2026,48.95,EUR
09e27fc7-08f1-47a7-8983-628294c23929,The Macallan – 50 und 55 YO,2026-04,24.04.2026,48.89,EUR
09e27fc7-08f1-47a7-8983-628294c23929,The Macallan – 50 und 55 YO,2026-05,07.05.2026,48.89,EUR
09e27fc7-08f1-47a7-8983-628294c23929,The Macallan – 50 und 55 YO,2026-06,17.06.2026,47.66,EUR
09e27fc7-08f1-47a7-8983-628294c23929,The Macallan – 50 und 55 YO,2026-07,29.07.2026,45.30,EUR
09e27fc7-08f1-47a7-8983-628294c23929,The Macallan – 50 und 55 YO,2026-08,04.08.2026,45.30,EUR
ae18891a-39c0-4457-9bca-cd7a1b05d555,The Macallan – 57 YO,2025-12,08.12.2025,46.79,EUR
ae18891a-39c0-4457-9bca-cd7a1b05d555,The Macallan – 57 YO,2026-01,16.01.2026,46.49,EUR
ae18891a-39c0-4457-9bca-cd7a1b05d555,The Macallan – 57 YO,2026-02,14.02.2026,46.53,EUR
ae18891a-39c0-4457-9bca-cd7a1b05d555,The Macallan – 57 YO,2026-03,24.03.2026,46.67,EUR
ae18891a-39c0-4457-9bca-cd7a1b05d555,The Macallan – 57 YO,2026-04,24.04.2026,46.64,EUR
ae18891a-39c0-4457-9bca-cd7a1b05d555,The Macallan – 57 YO,2026-05,07.05.2026,46.64,EUR
ae18891a-39c0-4457-9bca-cd7a1b05d555,The Macallan – 57 YO,2026-06,17.06.2026,45.46,EUR
ae18891a-39c0-4457-9bca-cd7a1b05d555,The Macallan – 57 YO,2026-07,29.07.2026,43.21,EUR
ae18891a-39c0-4457-9bca-cd7a1b05d555,The Macallan – 57 YO,2026-08,04.08.2026,43.21,EUR
6c98432b-32d2-4144-87ee-4244e4a43dc1,The Macallan – 60 YO,2025-12,08.12.2025,48.90,EUR
6c98432b-32d2-4144-87ee-4244e4a43dc1,The Macallan – 60 YO,2026-01,16.01.2026,48.60,EUR
6c98432b-32d2-4144-87ee-4244e4a43dc1,The Macallan – 60 YO,2026-02,14.02.2026,48.65,EUR
6c98432b-32d2-4144-87ee-4244e4a43dc1,The Macallan – 60 YO,2026-03,24.03.2026,48.78,EUR
6c98432b-32d2-4144-87ee-4244e4a43dc1,The Macallan – 60 YO,2026-04,24.04.2026,48.73,EUR
6c98432b-32d2-4144-87ee-4244e4a43dc1,The Macallan – 60 YO,2026-05,07.05.2026,48.73,EUR
6c98432b-32d2-4144-87ee-4244e4a43dc1,The Macallan – 60 YO,2026-06,17.06.2026,47.50,EUR
6c98432b-32d2-4144-87ee-4244e4a43dc1,The Macallan – 60 YO,2026-07,29.07.2026,45.15,EUR
6c98432b-32d2-4144-87ee-4244e4a43dc1,The Macallan – 60 YO,2026-08,04.08.2026,45.15,EUR
ee483029-3a5d-49d2-9c84-b521ed41bae1,"The Macallan, 18 Yrs Double Cask, 2022",2026-07,29.07.2026,45.65,EUR
ee483029-3a5d-49d2-9c84-b521ed41bae1,"The Macallan, 18 Yrs Double Cask, 2022",2026-08,04.08.2026,45.65,EUR
f8904bc0-d734-404d-b988-1d70a469d8f1,"The Macallan, 18 Yrs Sherry Cask, 2017",2025-12,08.12.2025,48.26,EUR
f8904bc0-d734-404d-b988-1d70a469d8f1,"The Macallan, 18 Yrs Sherry Cask, 2017",2026-01,16.01.2026,48.03,EUR
f8904bc0-d734-404d-b988-1d70a469d8f1,"The Macallan, 18 Yrs Sherry Cask, 2017",2026-02,14.02.2026,47.97,EUR
f8904bc0-d734-404d-b988-1d70a469d8f1,"The Macallan, 18 Yrs Sherry Cask, 2017",2026-03,24.03.2026,47.69,EUR
f8904bc0-d734-404d-b988-1d70a469d8f1,"The Macallan, 18 Yrs Sherry Cask, 2017",2026-04,24.04.2026,47.81,EUR
f8904bc0-d734-404d-b988-1d70a469d8f1,"The Macallan, 18 Yrs Sherry Cask, 2017",2026-05,07.05.2026,47.81,EUR
f8904bc0-d734-404d-b988-1d70a469d8f1,"The Macallan, 18 Yrs Sherry Cask, 2017",2026-06,17.06.2026,46.60,EUR
f8904bc0-d734-404d-b988-1d70a469d8f1,"The Macallan, 18 Yrs Sherry Cask, 2017",2026-07,29.07.2026,44.30,EUR
f8904bc0-d734-404d-b988-1d70a469d8f1,"The Macallan, 18 Yrs Sherry Cask, 2017",2026-08,04.08.2026,44.30,EUR
231a0763-ce31-4f02-9472-fbe0a66cda31,"The Macallan, 78 YO Red-Collection, 2020",2025-12,08.12.2025,46.73,EUR
231a0763-ce31-4f02-9472-fbe0a66cda31,"The Macallan, 78 YO Red-Collection, 2020",2026-01,16.01.2026,46.50,EUR
231a0763-ce31-4f02-9472-fbe0a66cda31,"The Macallan, 78 YO Red-Collection, 2020",2026-02,14.02.2026,46.57,EUR
231a0763-ce31-4f02-9472-fbe0a66cda31,"The Macallan, 78 YO Red-Collection, 2020",2026-03,24.03.2026,46.83,EUR
231a0763-ce31-4f02-9472-fbe0a66cda31,"The Macallan, 78 YO Red-Collection, 2020",2026-04,24.04.2026,46.43,EUR
231a0763-ce31-4f02-9472-fbe0a66cda31,"The Macallan, 78 YO Red-Collection, 2020",2026-05,07.05.2026,46.43,EUR
231a0763-ce31-4f02-9472-fbe0a66cda31,"The Macallan, 78 YO Red-Collection, 2020",2026-06,17.06.2026,45.26,EUR
231a0763-ce31-4f02-9472-fbe0a66cda31,"The Macallan, 78 YO Red-Collection, 2020",2026-07,29.07.2026,43.02,EUR
231a0763-ce31-4f02-9472-fbe0a66cda31,"The Macallan, 78 YO Red-Collection, 2020",2026-08,04.08.2026,43.02,EUR
c8aee5a2-cbcf-4896-99f5-2443244939bf,"The Macallan, Easter Elchies, Vertical Collection",2025-12,08.12.2025,43.85,EUR
c8aee5a2-cbcf-4896-99f5-2443244939bf,"The Macallan, Easter Elchies, Vertical Collection",2026-01,16.01.2026,43.62,EUR
c8aee5a2-cbcf-4896-99f5-2443244939bf,"The Macallan, Easter Elchies, Vertical Collection",2026-02,14.02.2026,43.82,EUR
c8aee5a2-cbcf-4896-99f5-2443244939bf,"The Macallan, Easter Elchies, Vertical Collection",2026-03,24.03.2026,43.53,EUR
c8aee5a2-cbcf-4896-99f5-2443244939bf,"The Macallan, Easter Elchies, Vertical Collection",2026-04,24.04.2026,43.49,EUR
c8aee5a2-cbcf-4896-99f5-2443244939bf,"The Macallan, Easter Elchies, Vertical Collection",2026-05,07.05.2026,43.49,EUR
c8aee5a2-cbcf-4896-99f5-2443244939bf,"The Macallan, Easter Elchies, Vertical Collection",2026-06,17.06.2026,42.39,EUR
c8aee5a2-cbcf-4896-99f5-2443244939bf,"The Macallan, Easter Elchies, Vertical Collection",2026-07,29.07.2026,40.30,EUR
c8aee5a2-cbcf-4896-99f5-2443244939bf,"The Macallan, Easter Elchies, Vertical Collection",2026-08,04.08.2026,40.30,EUR
1588c8ec-4727-4279-afc0-65be8fa369dc,"The Macallan, Exceptional Cask Selection, Vertical Collection",2025-12,08.12.2025,46.48,EUR
1588c8ec-4727-4279-afc0-65be8fa369dc,"The Macallan, Exceptional Cask Selection, Vertical Collection",2026-01,16.01.2026,46.41,EUR
1588c8ec-4727-4279-afc0-65be8fa369dc,"The Macallan, Exceptional Cask Selection, Vertical Collection",2026-02,14.02.2026,46.61,EUR
1588c8ec-4727-4279-afc0-65be8fa369dc,"The Macallan, Exceptional Cask Selection, Vertical Collection",2026-03,24.03.2026,46.90,EUR
1588c8ec-4727-4279-afc0-65be8fa369dc,"The Macallan, Exceptional Cask Selection, Vertical Collection",2026-04,24.04.2026,47.11,EUR
1588c8ec-4727-4279-afc0-65be8fa369dc,"The Macallan, Exceptional Cask Selection, Vertical Collection",2026-05,07.05.2026,47.11,EUR
1588c8ec-4727-4279-afc0-65be8fa369dc,"The Macallan, Exceptional Cask Selection, Vertical Collection",2026-06,17.06.2026,45.91,EUR
1588c8ec-4727-4279-afc0-65be8fa369dc,"The Macallan, Exceptional Cask Selection, Vertical Collection",2026-07,29.07.2026,43.65,EUR
1588c8ec-4727-4279-afc0-65be8fa369dc,"The Macallan, Exceptional Cask Selection, Vertical Collection",2026-08,04.08.2026,43.65,EUR
4ec79cff-19aa-4ba1-ab48-3ba01ecadc7e,"Thomas Dillon, Portfolio of two works, 2023/2025",2026-03,24.03.2026,52.62,EUR
4ec79cff-19aa-4ba1-ab48-3ba01ecadc7e,"Thomas Dillon, Portfolio of two works, 2023/2025",2026-04,24.04.2026,52.62,EUR
4ec79cff-19aa-4ba1-ab48-3ba01ecadc7e,"Thomas Dillon, Portfolio of two works, 2023/2025",2026-05,07.05.2026,52.62,EUR
4ec79cff-19aa-4ba1-ab48-3ba01ecadc7e,"Thomas Dillon, Portfolio of two works, 2023/2025",2026-06,17.06.2026,52.77,EUR
4ec79cff-19aa-4ba1-ab48-3ba01ecadc7e,"Thomas Dillon, Portfolio of two works, 2023/2025",2026-07,29.07.2026,52.84,EUR
4ec79cff-19aa-4ba1-ab48-3ba01ecadc7e,"Thomas Dillon, Portfolio of two works, 2023/2025",2026-08,04.08.2026,52.84,EUR
ad9e26eb-1047-4737-acc7-2de07e158814,"Tom Brady, 2014 Immaculate Premium Patch Auto (#12/49), BGS 8,5 / Auto 10",2025-12,08.12.2025,50.00,EUR
ad9e26eb-1047-4737-acc7-2de07e158814,"Tom Brady, 2014 Immaculate Premium Patch Auto (#12/49), BGS 8,5 / Auto 10",2026-01,16.01.2026,50.68,EUR
ad9e26eb-1047-4737-acc7-2de07e158814,"Tom Brady, 2014 Immaculate Premium Patch Auto (#12/49), BGS 8,5 / Auto 10",2026-02,14.02.2026,50.68,EUR
ad9e26eb-1047-4737-acc7-2de07e158814,"Tom Brady, 2014 Immaculate Premium Patch Auto (#12/49), BGS 8,5 / Auto 10",2026-03,24.03.2026,52.17,EUR
ad9e26eb-1047-4737-acc7-2de07e158814,"Tom Brady, 2014 Immaculate Premium Patch Auto (#12/49), BGS 8,5 / Auto 10",2026-04,24.04.2026,54.13,EUR
ad9e26eb-1047-4737-acc7-2de07e158814,"Tom Brady, 2014 Immaculate Premium Patch Auto (#12/49), BGS 8,5 / Auto 10",2026-05,07.05.2026,54.13,EUR
ad9e26eb-1047-4737-acc7-2de07e158814,"Tom Brady, 2014 Immaculate Premium Patch Auto (#12/49), BGS 8,5 / Auto 10",2026-06,17.06.2026,56.64,EUR
ad9e26eb-1047-4737-acc7-2de07e158814,"Tom Brady, 2014 Immaculate Premium Patch Auto (#12/49), BGS 8,5 / Auto 10",2026-07,29.07.2026,58.62,EUR
ad9e26eb-1047-4737-acc7-2de07e158814,"Tom Brady, 2014 Immaculate Premium Patch Auto (#12/49), BGS 8,5 / Auto 10",2026-08,04.08.2026,58.62,EUR
de3340bd-583d-4427-a949-dd7320547d43,"Tom de Freston, An Echo Chamber Waiting For Music, 2024",2025-12,08.12.2025,50.00,EUR
de3340bd-583d-4427-a949-dd7320547d43,"Tom de Freston, An Echo Chamber Waiting For Music, 2024",2026-01,16.01.2026,60.07,EUR
de3340bd-583d-4427-a949-dd7320547d43,"Tom de Freston, An Echo Chamber Waiting For Music, 2024",2026-02,14.02.2026,60.07,EUR
de3340bd-583d-4427-a949-dd7320547d43,"Tom de Freston, An Echo Chamber Waiting For Music, 2024",2026-03,24.03.2026,70.15,EUR
de3340bd-583d-4427-a949-dd7320547d43,"Tom de Freston, An Echo Chamber Waiting For Music, 2024",2026-04,24.04.2026,70.15,EUR
de3340bd-583d-4427-a949-dd7320547d43,"Tom de Freston, An Echo Chamber Waiting For Music, 2024",2026-05,07.05.2026,70.15,EUR
de3340bd-583d-4427-a949-dd7320547d43,"Tom de Freston, An Echo Chamber Waiting For Music, 2024",2026-06,17.06.2026,70.35,EUR
de3340bd-583d-4427-a949-dd7320547d43,"Tom de Freston, An Echo Chamber Waiting For Music, 2024",2026-07,29.07.2026,70.46,EUR
de3340bd-583d-4427-a949-dd7320547d43,"Tom de Freston, An Echo Chamber Waiting For Music, 2024",2026-08,04.08.2026,70.46,EUR
bc762b6c-2592-4795-87ad-ebc2e539b5ed,"Tom de Freston, Darkness Visible, 2021",2026-03,24.03.2026,70.39,EUR
bc762b6c-2592-4795-87ad-ebc2e539b5ed,"Tom de Freston, Darkness Visible, 2021",2026-04,24.04.2026,70.39,EUR
bc762b6c-2592-4795-87ad-ebc2e539b5ed,"Tom de Freston, Darkness Visible, 2021",2026-05,07.05.2026,70.39,EUR
bc762b6c-2592-4795-87ad-ebc2e539b5ed,"Tom de Freston, Darkness Visible, 2021",2026-06,17.06.2026,70.59,EUR
bc762b6c-2592-4795-87ad-ebc2e539b5ed,"Tom de Freston, Darkness Visible, 2021",2026-07,29.07.2026,70.69,EUR
bc762b6c-2592-4795-87ad-ebc2e539b5ed,"Tom de Freston, Darkness Visible, 2021",2026-08,04.08.2026,70.69,EUR
bfdea409-ff34-490d-939b-58e047254c7e,"Tom de Freston, On the Edge of the Forest, 2024",2026-01,16.01.2026,50.00,EUR
bfdea409-ff34-490d-939b-58e047254c7e,"Tom de Freston, On the Edge of the Forest, 2024",2026-02,14.02.2026,59.84,EUR
bfdea409-ff34-490d-939b-58e047254c7e,"Tom de Freston, On the Edge of the Forest, 2024",2026-03,24.03.2026,59.84,EUR
bfdea409-ff34-490d-939b-58e047254c7e,"Tom de Freston, On the Edge of the Forest, 2024",2026-04,24.04.2026,69.68,EUR
bfdea409-ff34-490d-939b-58e047254c7e,"Tom de Freston, On the Edge of the Forest, 2024",2026-05,07.05.2026,69.68,EUR
bfdea409-ff34-490d-939b-58e047254c7e,"Tom de Freston, On the Edge of the Forest, 2024",2026-06,17.06.2026,69.88,EUR
bfdea409-ff34-490d-939b-58e047254c7e,"Tom de Freston, On the Edge of the Forest, 2024",2026-07,29.07.2026,69.99,EUR
bfdea409-ff34-490d-939b-58e047254c7e,"Tom de Freston, On the Edge of the Forest, 2024",2026-08,04.08.2026,69.99,EUR
93d8c24b-a04b-426d-bade-0d2b6f39e17d,"Tracey Emin, I Did Not Say... (3 of 3), 2012",2025-12,08.12.2025,68.45,EUR
93d8c24b-a04b-426d-bade-0d2b6f39e17d,"Tracey Emin, I Did Not Say... (3 of 3), 2012",2026-01,16.01.2026,68.45,EUR
93d8c24b-a04b-426d-bade-0d2b6f39e17d,"Tracey Emin, I Did Not Say... (3 of 3), 2012",2026-02,14.02.2026,68.45,EUR
93d8c24b-a04b-426d-bade-0d2b6f39e17d,"Tracey Emin, I Did Not Say... (3 of 3), 2012",2026-03,24.03.2026,68.45,EUR
93d8c24b-a04b-426d-bade-0d2b6f39e17d,"Tracey Emin, I Did Not Say... (3 of 3), 2012",2026-04,24.04.2026,68.45,EUR
93d8c24b-a04b-426d-bade-0d2b6f39e17d,"Tracey Emin, I Did Not Say... (3 of 3), 2012",2026-05,07.05.2026,68.45,EUR
93d8c24b-a04b-426d-bade-0d2b6f39e17d,"Tracey Emin, I Did Not Say... (3 of 3), 2012",2026-06,17.06.2026,68.89,EUR
93d8c24b-a04b-426d-bade-0d2b6f39e17d,"Tracey Emin, I Did Not Say... (3 of 3), 2012",2026-07,29.07.2026,69.10,EUR
93d8c24b-a04b-426d-bade-0d2b6f39e17d,"Tracey Emin, I Did Not Say... (3 of 3), 2012",2026-08,04.08.2026,69.10,EUR
b0ba4e49-7786-42e1-ba70-1269017884e3,Wayne Gretzky 2000 Upper Deck Master Collection Quad Patch Auto 6of9 BGS 8 + 10,2025-12,08.12.2025,52.49,EUR
b0ba4e49-7786-42e1-ba70-1269017884e3,Wayne Gretzky 2000 Upper Deck Master Collection Quad Patch Auto 6of9 BGS 8 + 10,2026-01,16.01.2026,52.88,EUR
b0ba4e49-7786-42e1-ba70-1269017884e3,Wayne Gretzky 2000 Upper Deck Master Collection Quad Patch Auto 6of9 BGS 8 + 10,2026-02,14.02.2026,54.09,EUR
b0ba4e49-7786-42e1-ba70-1269017884e3,Wayne Gretzky 2000 Upper Deck Master Collection Quad Patch Auto 6of9 BGS 8 + 10,2026-03,24.03.2026,52.36,EUR
b0ba4e49-7786-42e1-ba70-1269017884e3,Wayne Gretzky 2000 Upper Deck Master Collection Quad Patch Auto 6of9 BGS 8 + 10,2026-04,24.04.2026,52.76,EUR
b0ba4e49-7786-42e1-ba70-1269017884e3,Wayne Gretzky 2000 Upper Deck Master Collection Quad Patch Auto 6of9 BGS 8 + 10,2026-05,07.05.2026,52.76,EUR
b0ba4e49-7786-42e1-ba70-1269017884e3,Wayne Gretzky 2000 Upper Deck Master Collection Quad Patch Auto 6of9 BGS 8 + 10,2026-06,17.06.2026,55.07,EUR
b0ba4e49-7786-42e1-ba70-1269017884e3,Wayne Gretzky 2000 Upper Deck Master Collection Quad Patch Auto 6of9 BGS 8 + 10,2026-07,29.07.2026,57.08,EUR
b0ba4e49-7786-42e1-ba70-1269017884e3,Wayne Gretzky 2000 Upper Deck Master Collection Quad Patch Auto 6of9 BGS 8 + 10,2026-08,04.08.2026,57.08,EUR
acd858bb-ae77-41fc-bfa6-55bd6f1b9383,Wayne Gretzky 2011 SP Game Used Eight Patches 1of1 BGS 7,2026-05,07.05.2026,50.00,EUR
acd858bb-ae77-41fc-bfa6-55bd6f1b9383,Wayne Gretzky 2011 SP Game Used Eight Patches 1of1 BGS 7,2026-06,17.06.2026,54.64,EUR
acd858bb-ae77-41fc-bfa6-55bd6f1b9383,Wayne Gretzky 2011 SP Game Used Eight Patches 1of1 BGS 7,2026-07,29.07.2026,54.64,EUR
acd858bb-ae77-41fc-bfa6-55bd6f1b9383,Wayne Gretzky 2011 SP Game Used Eight Patches 1of1 BGS 7,2026-08,04.08.2026,54.64,EUR
d81ce499-35e6-4eab-b061-c8dc05cb9c0b,"Winston Branch, Untitled, 1993",2026-05,07.05.2026,70.03,EUR
d81ce499-35e6-4eab-b061-c8dc05cb9c0b,"Winston Branch, Untitled, 1993",2026-06,17.06.2026,70.23,EUR
d81ce499-35e6-4eab-b061-c8dc05cb9c0b,"Winston Branch, Untitled, 1993",2026-07,29.07.2026,70.33,EUR
d81ce499-35e6-4eab-b061-c8dc05cb9c0b,"Winston Branch, Untitled, 1993",2026-08,04.08.2026,70.33,EUR
6111e1cd-2b33-4d5b-8498-ccb117552904,"Winston Branch, Untitled, 1997",2025-12,08.12.2025,74.71,EUR
6111e1cd-2b33-4d5b-8498-ccb117552904,"Winston Branch, Untitled, 1997",2026-01,16.01.2026,74.71,EUR
6111e1cd-2b33-4d5b-8498-ccb117552904,"Winston Branch, Untitled, 1997",2026-02,14.02.2026,74.71,EUR
6111e1cd-2b33-4d5b-8498-ccb117552904,"Winston Branch, Untitled, 1997",2026-03,24.03.2026,74.71,EUR
6111e1cd-2b33-4d5b-8498-ccb117552904,"Winston Branch, Untitled, 1997",2026-04,24.04.2026,74.71,EUR
6111e1cd-2b33-4d5b-8498-ccb117552904,"Winston Branch, Untitled, 1997",2026-05,07.05.2026,74.71,EUR
6111e1cd-2b33-4d5b-8498-ccb117552904,"Winston Branch, Untitled, 1997",2026-06,17.06.2026,74.92,EUR
6111e1cd-2b33-4d5b-8498-ccb117552904,"Winston Branch, Untitled, 1997",2026-07,29.07.2026,74.92,EUR
6111e1cd-2b33-4d5b-8498-ccb117552904,"Winston Branch, Untitled, 1997",2026-08,04.08.2026,74.92,EUR
7f39cf2f-2933-4095-9984-d7e00287387c,"Winston Branch, Untitled, 2023",2025-12,08.12.2025,58.60,EUR
7f39cf2f-2933-4095-9984-d7e00287387c,"Winston Branch, Untitled, 2023",2026-01,16.01.2026,58.60,EUR
7f39cf2f-2933-4095-9984-d7e00287387c,"Winston Branch, Untitled, 2023",2026-02,14.02.2026,58.60,EUR
7f39cf2f-2933-4095-9984-d7e00287387c,"Winston Branch, Untitled, 2023",2026-03,24.03.2026,58.60,EUR
7f39cf2f-2933-4095-9984-d7e00287387c,"Winston Branch, Untitled, 2023",2026-04,24.04.2026,58.60,EUR
7f39cf2f-2933-4095-9984-d7e00287387c,"Winston Branch, Untitled, 2023",2026-05,07.05.2026,58.60,EUR
7f39cf2f-2933-4095-9984-d7e00287387c,"Winston Branch, Untitled, 2023",2026-06,17.06.2026,58.77,EUR
7f39cf2f-2933-4095-9984-d7e00287387c,"Winston Branch, Untitled, 2023",2026-07,29.07.2026,58.77,EUR
7f39cf2f-2933-4095-9984-d7e00287387c,"Winston Branch, Untitled, 2023",2026-08,04.08.2026,58.77,EUR
2927783f-94af-4181-9bf0-947149a30779,"Worn Stanford Nike polo , Signed and inscribed by Tiger Woods, 2013",2025-12,08.12.2025,55.44,EUR
2927783f-94af-4181-9bf0-947149a30779,"Worn Stanford Nike polo , Signed and inscribed by Tiger Woods, 2013",2026-01,16.01.2026,55.44,EUR
2927783f-94af-4181-9bf0-947149a30779,"Worn Stanford Nike polo , Signed and inscribed by Tiger Woods, 2013",2026-02,14.02.2026,55.44,EUR
2927783f-94af-4181-9bf0-947149a30779,"Worn Stanford Nike polo , Signed and inscribed by Tiger Woods, 2013",2026-03,24.03.2026,55.44,EUR
2927783f-94af-4181-9bf0-947149a30779,"Worn Stanford Nike polo , Signed and inscribed by Tiger Woods, 2013",2026-04,24.04.2026,55.44,EUR
2927783f-94af-4181-9bf0-947149a30779,"Worn Stanford Nike polo , Signed and inscribed by Tiger Woods, 2013",2026-05,07.05.2026,55.44,EUR
2927783f-94af-4181-9bf0-947149a30779,"Worn Stanford Nike polo , Signed and inscribed by Tiger Woods, 2013",2026-06,17.06.2026,55.44,EUR
2927783f-94af-4181-9bf0-947149a30779,"Worn Stanford Nike polo , Signed and inscribed by Tiger Woods, 2013",2026-07,29.07.2026,55.44,EUR
2927783f-94af-4181-9bf0-947149a30779,"Worn Stanford Nike polo , Signed and inscribed by Tiger Woods, 2013",2026-08,04.08.2026,55.44,EUR
c3698e49-4eb2-4e5c-a2b4-885274c755ec,"Zevs, Swimming Pools: Monet (PetroChina) & Monet (Total), 2025",2025-12,08.12.2025,64.24,EUR
c3698e49-4eb2-4e5c-a2b4-885274c755ec,"Zevs, Swimming Pools: Monet (PetroChina) & Monet (Total), 2025",2026-01,16.01.2026,64.24,EUR
c3698e49-4eb2-4e5c-a2b4-885274c755ec,"Zevs, Swimming Pools: Monet (PetroChina) & Monet (Total), 2025",2026-02,14.02.2026,64.24,EUR
c3698e49-4eb2-4e5c-a2b4-885274c755ec,"Zevs, Swimming Pools: Monet (PetroChina) & Monet (Total), 2025",2026-03,24.03.2026,64.24,EUR
c3698e49-4eb2-4e5c-a2b4-885274c755ec,"Zevs, Swimming Pools: Monet (PetroChina) & Monet (Total), 2025",2026-04,24.04.2026,64.24,EUR
c3698e49-4eb2-4e5c-a2b4-885274c755ec,"Zevs, Swimming Pools: Monet (PetroChina) & Monet (Total), 2025",2026-05,07.05.2026,64.24,EUR
c3698e49-4eb2-4e5c-a2b4-885274c755ec,"Zevs, Swimming Pools: Monet (PetroChina) & Monet (Total), 2025",2026-06,17.06.2026,64.43,EUR
c3698e49-4eb2-4e5c-a2b4-885274c755ec,"Zevs, Swimming Pools: Monet (PetroChina) & Monet (Total), 2025",2026-07,29.07.2026,64.52,EUR
c3698e49-4eb2-4e5c-a2b4-885274c755ec,"Zevs, Swimming Pools: Monet (PetroChina) & Monet (Total), 2025",2026-08,04.08.2026,64.52,EUR
2b2ac7b1-85c5-4fc5-9d63-9c7f094152ab,Zinedine Zidane 2024 Donruss FIFA Kaboom Black 1of1 PSA 8,2025-12,08.12.2025,55.89,EUR
2b2ac7b1-85c5-4fc5-9d63-9c7f094152ab,Zinedine Zidane 2024 Donruss FIFA Kaboom Black 1of1 PSA 8,2026-01,16.01.2026,55.88,EUR
2b2ac7b1-85c5-4fc5-9d63-9c7f094152ab,Zinedine Zidane 2024 Donruss FIFA Kaboom Black 1of1 PSA 8,2026-02,14.02.2026,55.92,EUR
2b2ac7b1-85c5-4fc5-9d63-9c7f094152ab,Zinedine Zidane 2024 Donruss FIFA Kaboom Black 1of1 PSA 8,2026-03,24.03.2026,56.23,EUR
2b2ac7b1-85c5-4fc5-9d63-9c7f094152ab,Zinedine Zidane 2024 Donruss FIFA Kaboom Black 1of1 PSA 8,2026-04,24.04.2026,56.16,EUR
2b2ac7b1-85c5-4fc5-9d63-9c7f094152ab,Zinedine Zidane 2024 Donruss FIFA Kaboom Black 1of1 PSA 8,2026-05,07.05.2026,56.16,EUR
2b2ac7b1-85c5-4fc5-9d63-9c7f094152ab,Zinedine Zidane 2024 Donruss FIFA Kaboom Black 1of1 PSA 8,2026-06,17.06.2026,60.33,EUR
2b2ac7b1-85c5-4fc5-9d63-9c7f094152ab,Zinedine Zidane 2024 Donruss FIFA Kaboom Black 1of1 PSA 8,2026-07,29.07.2026,64.28,EUR
2b2ac7b1-85c5-4fc5-9d63-9c7f094152ab,Zinedine Zidane 2024 Donruss FIFA Kaboom Black 1of1 PSA 8,2026-08,04.08.2026,64.28,EUR